image_path,class_id,class_name,fold
/kaggle/input/aio-hutech/train\nấm mỡ\NM001.jpg,0,nấm mỡ,4
/kaggle/input/aio-hutech/train\nấm mỡ\NM002.jpg,0,nấm mỡ,5
/kaggle/input/aio-hutech/train\nấm mỡ\NM003.jpg,0,nấm mỡ,3
/kaggle/input/aio-hutech/train\nấm mỡ\NM004.jpg,0,nấm mỡ,0
/kaggle/input/aio-hutech/train\nấm mỡ\NM005.jpg,0,nấm mỡ,4
/kaggle/input/aio-hutech/train\nấm mỡ\NM006.jpg,0,nấm mỡ,4
/kaggle/input/aio-hutech/train\nấm mỡ\NM007.jpg,0,nấm mỡ,3
/kaggle/input/aio-hutech/train\nấm mỡ\NM008.jpg,0,nấm mỡ,2
/kaggle/input/aio-hutech/train\nấm mỡ\NM009.jpg,0,nấm mỡ,0
/kaggle/input/aio-hutech/train\nấm mỡ\NM010.jpg,0,nấm mỡ,3
/kaggle/input/aio-hutech/train\nấm mỡ\NM011.jpg,0,nấm mỡ,4
/kaggle/input/aio-hutech/train\nấm mỡ\NM012.jpg,0,nấm mỡ,1
/kaggle/input/aio-hutech/train\nấm mỡ\NM013.jpg,0,nấm mỡ,4
/kaggle/input/aio-hutech/train\nấm mỡ\NM014.jpg,0,nấm mỡ,0
/kaggle/input/aio-hutech/train\nấm mỡ\NM015.jpg,0,nấm mỡ,3
/kaggle/input/aio-hutech/train\nấm mỡ\NM016.jpg,0,nấm mỡ,4
/kaggle/input/aio-hutech/train\nấm mỡ\NM017.jpg,0,nấm mỡ,5
/kaggle/input/aio-hutech/train\nấm mỡ\NM018.jpg,0,nấm mỡ,4
/kaggle/input/aio-hutech/train\nấm mỡ\NM019.jpg,0,nấm mỡ,2
/kaggle/input/aio-hutech/train\nấm mỡ\NM020.jpg,0,nấm mỡ,3
/kaggle/input/aio-hutech/train\nấm mỡ\NM021.jpg,0,nấm mỡ,1
/kaggle/input/aio-hutech/train\nấm mỡ\NM022.jpg,0,nấm mỡ,2
/kaggle/input/aio-hutech/train\nấm mỡ\NM023.jpg,0,nấm mỡ,4
/kaggle/input/aio-hutech/train\nấm mỡ\NM024.jpg,0,nấm mỡ,5
/kaggle/input/aio-hutech/train\nấm mỡ\NM025.jpg,0,nấm mỡ,2
/kaggle/input/aio-hutech/train\nấm mỡ\NM026.jpg,0,nấm mỡ,0
/kaggle/input/aio-hutech/train\nấm mỡ\NM027.jpg,0,nấm mỡ,5
/kaggle/input/aio-hutech/train\nấm mỡ\NM028.jpg,0,nấm mỡ,5
/kaggle/input/aio-hutech/train\nấm mỡ\NM029.jpg,0,nấm mỡ,3
/kaggle/input/aio-hutech/train\nấm mỡ\NM030.jpg,0,nấm mỡ,4
/kaggle/input/aio-hutech/train\nấm mỡ\NM031.jpg,0,nấm mỡ,0
/kaggle/input/aio-hutech/train\nấm mỡ\NM032.jpg,0,nấm mỡ,3
/kaggle/input/aio-hutech/train\nấm mỡ\NM033.jpg,0,nấm mỡ,0
/kaggle/input/aio-hutech/train\nấm mỡ\NM034.jpg,0,nấm mỡ,0
/kaggle/input/aio-hutech/train\nấm mỡ\NM035.jpg,0,nấm mỡ,4
/kaggle/input/aio-hutech/train\nấm mỡ\NM036.jpg,0,nấm mỡ,2
/kaggle/input/aio-hutech/train\nấm mỡ\NM037.jpg,0,nấm mỡ,0
/kaggle/input/aio-hutech/train\nấm mỡ\NM038.jpg,0,nấm mỡ,1
/kaggle/input/aio-hutech/train\nấm mỡ\NM039.jpg,0,nấm mỡ,0
/kaggle/input/aio-hutech/train\nấm mỡ\NM040.jpg,0,nấm mỡ,1
/kaggle/input/aio-hutech/train\nấm mỡ\NM041.jpg,0,nấm mỡ,1
/kaggle/input/aio-hutech/train\nấm mỡ\NM042.jpg,0,nấm mỡ,1
/kaggle/input/aio-hutech/train\nấm mỡ\NM043.jpg,0,nấm mỡ,5
/kaggle/input/aio-hutech/train\nấm mỡ\NM044.jpg,0,nấm mỡ,1
/kaggle/input/aio-hutech/train\nấm mỡ\NM045.jpg,0,nấm mỡ,1
/kaggle/input/aio-hutech/train\nấm mỡ\NM046.jpg,0,nấm mỡ,1
/kaggle/input/aio-hutech/train\nấm mỡ\NM047.jpg,0,nấm mỡ,4
/kaggle/input/aio-hutech/train\nấm mỡ\NM048.jpg,0,nấm mỡ,4
/kaggle/input/aio-hutech/train\nấm mỡ\NM049.jpg,0,nấm mỡ,2
/kaggle/input/aio-hutech/train\nấm mỡ\NM050.jpg,0,nấm mỡ,4
/kaggle/input/aio-hutech/train\nấm mỡ\NM051.jpg,0,nấm mỡ,3
/kaggle/input/aio-hutech/train\nấm mỡ\NM052.jpg,0,nấm mỡ,2
/kaggle/input/aio-hutech/train\nấm mỡ\NM053.jpg,0,nấm mỡ,4
/kaggle/input/aio-hutech/train\nấm mỡ\NM054.jpg,0,nấm mỡ,1
/kaggle/input/aio-hutech/train\nấm mỡ\NM055.jpg,0,nấm mỡ,5
/kaggle/input/aio-hutech/train\nấm mỡ\NM056.jpg,0,nấm mỡ,5
/kaggle/input/aio-hutech/train\nấm mỡ\NM057.jpg,0,nấm mỡ,1
/kaggle/input/aio-hutech/train\nấm mỡ\NM058.jpg,0,nấm mỡ,1
/kaggle/input/aio-hutech/train\nấm mỡ\NM059.jpg,0,nấm mỡ,3
/kaggle/input/aio-hutech/train\nấm mỡ\NM060.jpg,0,nấm mỡ,0
/kaggle/input/aio-hutech/train\nấm mỡ\NM061.jpg,0,nấm mỡ,4
/kaggle/input/aio-hutech/train\nấm mỡ\NM062.jpg,0,nấm mỡ,1
/kaggle/input/aio-hutech/train\nấm mỡ\NM063.jpg,0,nấm mỡ,0
/kaggle/input/aio-hutech/train\nấm mỡ\NM064.jpg,0,nấm mỡ,3
/kaggle/input/aio-hutech/train\nấm mỡ\NM065.jpg,0,nấm mỡ,3
/kaggle/input/aio-hutech/train\nấm mỡ\NM066.jpg,0,nấm mỡ,0
/kaggle/input/aio-hutech/train\nấm mỡ\NM067.jpg,0,nấm mỡ,0
/kaggle/input/aio-hutech/train\nấm mỡ\NM068.jpg,0,nấm mỡ,5
/kaggle/input/aio-hutech/train\nấm mỡ\NM069.jpg,0,nấm mỡ,1
/kaggle/input/aio-hutech/train\nấm mỡ\NM070.jpg,0,nấm mỡ,3
/kaggle/input/aio-hutech/train\nấm mỡ\NM071.jpg,0,nấm mỡ,2
/kaggle/input/aio-hutech/train\nấm mỡ\NM072.jpg,0,nấm mỡ,2
/kaggle/input/aio-hutech/train\nấm mỡ\NM073.jpg,0,nấm mỡ,4
/kaggle/input/aio-hutech/train\nấm mỡ\NM074.jpg,0,nấm mỡ,3
/kaggle/input/aio-hutech/train\nấm mỡ\NM075.jpg,0,nấm mỡ,2
/kaggle/input/aio-hutech/train\nấm mỡ\NM076.jpg,0,nấm mỡ,5
/kaggle/input/aio-hutech/train\nấm mỡ\NM077.jpg,0,nấm mỡ,1
/kaggle/input/aio-hutech/train\nấm mỡ\NM078.jpg,0,nấm mỡ,1
/kaggle/input/aio-hutech/train\nấm mỡ\NM079.jpg,0,nấm mỡ,1
/kaggle/input/aio-hutech/train\nấm mỡ\NM080.jpg,0,nấm mỡ,5
/kaggle/input/aio-hutech/train\nấm mỡ\NM081.jpg,0,nấm mỡ,3
/kaggle/input/aio-hutech/train\nấm mỡ\NM082.jpg,0,nấm mỡ,3
/kaggle/input/aio-hutech/train\nấm mỡ\NM083.jpg,0,nấm mỡ,0
/kaggle/input/aio-hutech/train\nấm mỡ\NM084.jpg,0,nấm mỡ,2
/kaggle/input/aio-hutech/train\nấm mỡ\NM085.jpg,0,nấm mỡ,1
/kaggle/input/aio-hutech/train\nấm mỡ\NM086.jpg,0,nấm mỡ,2
/kaggle/input/aio-hutech/train\nấm mỡ\NM087.jpg,0,nấm mỡ,2
/kaggle/input/aio-hutech/train\nấm mỡ\NM088.jpg,0,nấm mỡ,1
/kaggle/input/aio-hutech/train\nấm mỡ\NM089.jpg,0,nấm mỡ,0
/kaggle/input/aio-hutech/train\nấm mỡ\NM090.jpg,0,nấm mỡ,0
/kaggle/input/aio-hutech/train\nấm mỡ\NM091.jpg,0,nấm mỡ,3
/kaggle/input/aio-hutech/train\nấm mỡ\NM092.jpg,0,nấm mỡ,2
/kaggle/input/aio-hutech/train\nấm mỡ\NM093.jpg,0,nấm mỡ,1
/kaggle/input/aio-hutech/train\nấm mỡ\NM094.jpg,0,nấm mỡ,4
/kaggle/input/aio-hutech/train\nấm mỡ\NM095.jpg,0,nấm mỡ,0
/kaggle/input/aio-hutech/train\nấm mỡ\NM096.jpg,0,nấm mỡ,0
/kaggle/input/aio-hutech/train\nấm mỡ\NM097.jpg,0,nấm mỡ,3
/kaggle/input/aio-hutech/train\nấm mỡ\NM098.jpg,0,nấm mỡ,2
/kaggle/input/aio-hutech/train\nấm mỡ\NM099.jpg,0,nấm mỡ,5
/kaggle/input/aio-hutech/train\nấm mỡ\NM100.jpg,0,nấm mỡ,1
/kaggle/input/aio-hutech/train\nấm mỡ\NM101.jpg,0,nấm mỡ,4
/kaggle/input/aio-hutech/train\nấm mỡ\NM102.jpg,0,nấm mỡ,1
/kaggle/input/aio-hutech/train\nấm mỡ\NM103.jpg,0,nấm mỡ,0
/kaggle/input/aio-hutech/train\nấm mỡ\NM104.jpg,0,nấm mỡ,3
/kaggle/input/aio-hutech/train\nấm mỡ\NM105.jpg,0,nấm mỡ,5
/kaggle/input/aio-hutech/train\nấm mỡ\NM106.jpg,0,nấm mỡ,4
/kaggle/input/aio-hutech/train\nấm mỡ\NM107.jpg,0,nấm mỡ,2
/kaggle/input/aio-hutech/train\nấm mỡ\NM108.jpg,0,nấm mỡ,0
/kaggle/input/aio-hutech/train\nấm mỡ\NM109.jpg,0,nấm mỡ,3
/kaggle/input/aio-hutech/train\nấm mỡ\NM110.jpg,0,nấm mỡ,1
/kaggle/input/aio-hutech/train\nấm mỡ\NM111.jpg,0,nấm mỡ,2
/kaggle/input/aio-hutech/train\nấm mỡ\NM112.jpg,0,nấm mỡ,5
/kaggle/input/aio-hutech/train\nấm mỡ\NM113.jpg,0,nấm mỡ,1
/kaggle/input/aio-hutech/train\nấm mỡ\NM114.jpg,0,nấm mỡ,4
/kaggle/input/aio-hutech/train\nấm mỡ\NM115.jpg,0,nấm mỡ,4
/kaggle/input/aio-hutech/train\nấm mỡ\NM116.jpg,0,nấm mỡ,2
/kaggle/input/aio-hutech/train\nấm mỡ\NM117.jpg,0,nấm mỡ,2
/kaggle/input/aio-hutech/train\nấm mỡ\NM118.jpg,0,nấm mỡ,5
/kaggle/input/aio-hutech/train\nấm mỡ\NM119.jpg,0,nấm mỡ,3
/kaggle/input/aio-hutech/train\nấm mỡ\NM120.jpg,0,nấm mỡ,4
/kaggle/input/aio-hutech/train\nấm mỡ\NM121.jpg,0,nấm mỡ,1
/kaggle/input/aio-hutech/train\nấm mỡ\NM122.jpg,0,nấm mỡ,3
/kaggle/input/aio-hutech/train\nấm mỡ\NM123.jpg,0,nấm mỡ,3
/kaggle/input/aio-hutech/train\nấm mỡ\NM124.jpg,0,nấm mỡ,3
/kaggle/input/aio-hutech/train\nấm mỡ\NM125.jpg,0,nấm mỡ,2
/kaggle/input/aio-hutech/train\nấm mỡ\NM126.jpg,0,nấm mỡ,5
/kaggle/input/aio-hutech/train\nấm mỡ\NM127.jpg,0,nấm mỡ,0
/kaggle/input/aio-hutech/train\nấm mỡ\NM128.jpg,0,nấm mỡ,2
/kaggle/input/aio-hutech/train\nấm mỡ\NM129.jpg,0,nấm mỡ,3
/kaggle/input/aio-hutech/train\nấm mỡ\NM130.jpg,0,nấm mỡ,5
/kaggle/input/aio-hutech/train\nấm mỡ\NM131.jpg,0,nấm mỡ,2
/kaggle/input/aio-hutech/train\nấm mỡ\NM132.jpg,0,nấm mỡ,2
/kaggle/input/aio-hutech/train\nấm mỡ\NM133.jpg,0,nấm mỡ,3
/kaggle/input/aio-hutech/train\nấm mỡ\NM134.jpg,0,nấm mỡ,2
/kaggle/input/aio-hutech/train\nấm mỡ\NM135.jpg,0,nấm mỡ,5
/kaggle/input/aio-hutech/train\nấm mỡ\NM136.jpg,0,nấm mỡ,5
/kaggle/input/aio-hutech/train\nấm mỡ\NM137.jpg,0,nấm mỡ,3
/kaggle/input/aio-hutech/train\nấm mỡ\NM138.jpg,0,nấm mỡ,3
/kaggle/input/aio-hutech/train\nấm mỡ\NM139.jpg,0,nấm mỡ,3
/kaggle/input/aio-hutech/train\nấm mỡ\NM140.jpg,0,nấm mỡ,0
/kaggle/input/aio-hutech/train\nấm mỡ\NM141.jpg,0,nấm mỡ,2
/kaggle/input/aio-hutech/train\nấm mỡ\NM142.jpg,0,nấm mỡ,2
/kaggle/input/aio-hutech/train\nấm mỡ\NM143.jpg,0,nấm mỡ,3
/kaggle/input/aio-hutech/train\nấm mỡ\NM144.jpg,0,nấm mỡ,2
/kaggle/input/aio-hutech/train\nấm mỡ\NM145.jpg,0,nấm mỡ,4
/kaggle/input/aio-hutech/train\nấm mỡ\NM146.jpg,0,nấm mỡ,5
/kaggle/input/aio-hutech/train\nấm mỡ\NM147.jpg,0,nấm mỡ,2
/kaggle/input/aio-hutech/train\nấm mỡ\NM148.jpg,0,nấm mỡ,1
/kaggle/input/aio-hutech/train\nấm mỡ\NM149.jpg,0,nấm mỡ,0
/kaggle/input/aio-hutech/train\nấm mỡ\NM150.jpg,0,nấm mỡ,1
/kaggle/input/aio-hutech/train\nấm mỡ\NM151.jpg,0,nấm mỡ,5
/kaggle/input/aio-hutech/train\nấm mỡ\NM152.jpg,0,nấm mỡ,2
/kaggle/input/aio-hutech/train\nấm mỡ\NM153.jpg,0,nấm mỡ,4
/kaggle/input/aio-hutech/train\nấm mỡ\NM154.jpg,0,nấm mỡ,3
/kaggle/input/aio-hutech/train\nấm mỡ\NM155.jpg,0,nấm mỡ,5
/kaggle/input/aio-hutech/train\nấm mỡ\NM156.jpg,0,nấm mỡ,4
/kaggle/input/aio-hutech/train\nấm mỡ\NM157.jpg,0,nấm mỡ,4
/kaggle/input/aio-hutech/train\nấm mỡ\NM158.jpg,0,nấm mỡ,1
/kaggle/input/aio-hutech/train\nấm mỡ\NM159.jpg,0,nấm mỡ,3
/kaggle/input/aio-hutech/train\nấm mỡ\NM160.jpg,0,nấm mỡ,1
/kaggle/input/aio-hutech/train\nấm mỡ\NM161.jpg,0,nấm mỡ,4
/kaggle/input/aio-hutech/train\nấm mỡ\NM162.jpg,0,nấm mỡ,3
/kaggle/input/aio-hutech/train\nấm mỡ\NM163.jpg,0,nấm mỡ,0
/kaggle/input/aio-hutech/train\nấm mỡ\NM164.jpg,0,nấm mỡ,0
/kaggle/input/aio-hutech/train\nấm mỡ\NM165.jpg,0,nấm mỡ,0
/kaggle/input/aio-hutech/train\nấm mỡ\NM166.jpg,0,nấm mỡ,2
/kaggle/input/aio-hutech/train\nấm mỡ\NM167.jpg,0,nấm mỡ,5
/kaggle/input/aio-hutech/train\nấm mỡ\NM168.jpg,0,nấm mỡ,5
/kaggle/input/aio-hutech/train\nấm mỡ\NM169.jpg,0,nấm mỡ,3
/kaggle/input/aio-hutech/train\nấm mỡ\NM170.jpg,0,nấm mỡ,1
/kaggle/input/aio-hutech/train\nấm mỡ\NM171.jpg,0,nấm mỡ,1
/kaggle/input/aio-hutech/train\nấm mỡ\NM172.jpg,0,nấm mỡ,4
/kaggle/input/aio-hutech/train\nấm mỡ\NM173.jpg,0,nấm mỡ,4
/kaggle/input/aio-hutech/train\nấm mỡ\NM174.jpg,0,nấm mỡ,0
/kaggle/input/aio-hutech/train\nấm mỡ\NM175.jpg,0,nấm mỡ,1
/kaggle/input/aio-hutech/train\nấm mỡ\NM176.jpg,0,nấm mỡ,4
/kaggle/input/aio-hutech/train\nấm mỡ\NM177.jpg,0,nấm mỡ,2
/kaggle/input/aio-hutech/train\nấm mỡ\NM178.jpg,0,nấm mỡ,0
/kaggle/input/aio-hutech/train\nấm mỡ\NM179.jpg,0,nấm mỡ,5
/kaggle/input/aio-hutech/train\nấm mỡ\NM180.jpg,0,nấm mỡ,2
/kaggle/input/aio-hutech/train\nấm mỡ\NM181.jpg,0,nấm mỡ,4
/kaggle/input/aio-hutech/train\nấm mỡ\NM182.jpg,0,nấm mỡ,0
/kaggle/input/aio-hutech/train\nấm mỡ\NM183.jpg,0,nấm mỡ,5
/kaggle/input/aio-hutech/train\nấm mỡ\NM184.jpg,0,nấm mỡ,5
/kaggle/input/aio-hutech/train\nấm mỡ\NM185.jpg,0,nấm mỡ,2
/kaggle/input/aio-hutech/train\nấm mỡ\NM186.jpg,0,nấm mỡ,5
/kaggle/input/aio-hutech/train\nấm mỡ\NM187.jpg,0,nấm mỡ,5
/kaggle/input/aio-hutech/train\nấm mỡ\NM188.jpg,0,nấm mỡ,3
/kaggle/input/aio-hutech/train\nấm mỡ\NM189.jpg,0,nấm mỡ,1
/kaggle/input/aio-hutech/train\nấm mỡ\NM190.jpg,0,nấm mỡ,0
/kaggle/input/aio-hutech/train\nấm mỡ\NM191.jpg,0,nấm mỡ,1
/kaggle/input/aio-hutech/train\nấm mỡ\NM192.jpg,0,nấm mỡ,3
/kaggle/input/aio-hutech/train\nấm mỡ\NM193.jpg,0,nấm mỡ,4
/kaggle/input/aio-hutech/train\nấm mỡ\NM194.jpg,0,nấm mỡ,4
/kaggle/input/aio-hutech/train\nấm mỡ\NM195.jpg,0,nấm mỡ,4
/kaggle/input/aio-hutech/train\nấm mỡ\NM196.jpg,0,nấm mỡ,0
/kaggle/input/aio-hutech/train\nấm mỡ\NM197.jpg,0,nấm mỡ,5
/kaggle/input/aio-hutech/train\nấm mỡ\NM198.jpg,0,nấm mỡ,5
/kaggle/input/aio-hutech/train\nấm mỡ\NM199.jpg,0,nấm mỡ,0
/kaggle/input/aio-hutech/train\nấm mỡ\NM200.jpg,0,nấm mỡ,4
/kaggle/input/aio-hutech/train\nấm mỡ\NM201.jpg,0,nấm mỡ,0
/kaggle/input/aio-hutech/train\nấm mỡ\NM202.jpg,0,nấm mỡ,2
/kaggle/input/aio-hutech/train\nấm mỡ\NM203.jpg,0,nấm mỡ,0
/kaggle/input/aio-hutech/train\nấm mỡ\NM204.jpg,0,nấm mỡ,4
/kaggle/input/aio-hutech/train\nấm mỡ\NM205.jpg,0,nấm mỡ,3
/kaggle/input/aio-hutech/train\nấm mỡ\NM206.jpg,0,nấm mỡ,4
/kaggle/input/aio-hutech/train\nấm mỡ\NM207.jpg,0,nấm mỡ,5
/kaggle/input/aio-hutech/train\nấm mỡ\NM208.jpg,0,nấm mỡ,2
/kaggle/input/aio-hutech/train\nấm mỡ\NM209.jpg,0,nấm mỡ,1
/kaggle/input/aio-hutech/train\nấm mỡ\NM210.jpg,0,nấm mỡ,2
/kaggle/input/aio-hutech/train\nấm mỡ\NM211.jpg,0,nấm mỡ,2
/kaggle/input/aio-hutech/train\nấm mỡ\NM212.jpg,0,nấm mỡ,5
/kaggle/input/aio-hutech/train\nấm mỡ\NM213.jpg,0,nấm mỡ,0
/kaggle/input/aio-hutech/train\nấm mỡ\NM214.jpg,0,nấm mỡ,1
/kaggle/input/aio-hutech/train\nấm mỡ\NM215.jpg,0,nấm mỡ,5
/kaggle/input/aio-hutech/train\nấm mỡ\NM216.jpg,0,nấm mỡ,1
/kaggle/input/aio-hutech/train\nấm mỡ\NM217.jpg,0,nấm mỡ,0
/kaggle/input/aio-hutech/train\nấm mỡ\NM218.jpg,0,nấm mỡ,5
/kaggle/input/aio-hutech/train\nấm mỡ\NM219.jpg,0,nấm mỡ,3
/kaggle/input/aio-hutech/train\nấm mỡ\NM220.jpg,0,nấm mỡ,0
/kaggle/input/aio-hutech/train\nấm mỡ\NM221.jpg,0,nấm mỡ,2
/kaggle/input/aio-hutech/train\nấm mỡ\NM222.jpg,0,nấm mỡ,5
/kaggle/input/aio-hutech/train\nấm mỡ\NM223.jpg,0,nấm mỡ,4
/kaggle/input/aio-hutech/train\nấm mỡ\NM224.jpg,0,nấm mỡ,3
/kaggle/input/aio-hutech/train\nấm mỡ\NM225.jpg,0,nấm mỡ,0
/kaggle/input/aio-hutech/train\nấm mỡ\NM226.jpg,0,nấm mỡ,5
/kaggle/input/aio-hutech/train\nấm mỡ\NM227.jpg,0,nấm mỡ,2
/kaggle/input/aio-hutech/train\nấm mỡ\NM228.jpg,0,nấm mỡ,1
/kaggle/input/aio-hutech/train\nấm mỡ\NM229.jpg,0,nấm mỡ,4
/kaggle/input/aio-hutech/train\nấm mỡ\NM230.jpg,0,nấm mỡ,4
/kaggle/input/aio-hutech/train\nấm mỡ\NM231.jpg,0,nấm mỡ,0
/kaggle/input/aio-hutech/train\nấm mỡ\NM232.jpg,0,nấm mỡ,4
/kaggle/input/aio-hutech/train\nấm mỡ\NM233.jpg,0,nấm mỡ,5
/kaggle/input/aio-hutech/train\nấm mỡ\NM234.jpg,0,nấm mỡ,5
/kaggle/input/aio-hutech/train\nấm mỡ\NM235.jpg,0,nấm mỡ,3
/kaggle/input/aio-hutech/train\nấm mỡ\NM236.jpg,0,nấm mỡ,0
/kaggle/input/aio-hutech/train\nấm mỡ\NM237.jpg,0,nấm mỡ,0
/kaggle/input/aio-hutech/train\nấm mỡ\NM238.jpg,0,nấm mỡ,1
/kaggle/input/aio-hutech/train\nấm mỡ\NM239.jpg,0,nấm mỡ,5
/kaggle/input/aio-hutech/train\nấm mỡ\NM240.jpg,0,nấm mỡ,4
/kaggle/input/aio-hutech/train\nấm mỡ\NM241.jpg,0,nấm mỡ,5
/kaggle/input/aio-hutech/train\nấm mỡ\NM242.jpg,0,nấm mỡ,4
/kaggle/input/aio-hutech/train\nấm mỡ\NM243.jpg,0,nấm mỡ,3
/kaggle/input/aio-hutech/train\nấm mỡ\NM244.jpg,0,nấm mỡ,0
/kaggle/input/aio-hutech/train\nấm mỡ\NM245.jpg,0,nấm mỡ,4
/kaggle/input/aio-hutech/train\nấm mỡ\NM246.jpg,0,nấm mỡ,2
/kaggle/input/aio-hutech/train\nấm mỡ\NM247.jpg,0,nấm mỡ,3
/kaggle/input/aio-hutech/train\nấm mỡ\NM248.jpg,0,nấm mỡ,4
/kaggle/input/aio-hutech/train\nấm mỡ\NM249.jpg,0,nấm mỡ,5
/kaggle/input/aio-hutech/train\nấm mỡ\NM250.jpg,0,nấm mỡ,0
/kaggle/input/aio-hutech/train\nấm mỡ\NM251.jpg,0,nấm mỡ,2
/kaggle/input/aio-hutech/train\nấm mỡ\NM252.jpg,0,nấm mỡ,1
/kaggle/input/aio-hutech/train\nấm mỡ\NM253.jpg,0,nấm mỡ,2
/kaggle/input/aio-hutech/train\nấm mỡ\NM254.jpg,0,nấm mỡ,0
/kaggle/input/aio-hutech/train\nấm mỡ\NM255.jpg,0,nấm mỡ,2
/kaggle/input/aio-hutech/train\nấm mỡ\NM256.jpg,0,nấm mỡ,2
/kaggle/input/aio-hutech/train\nấm mỡ\NM257.jpg,0,nấm mỡ,0
/kaggle/input/aio-hutech/train\nấm mỡ\NM258.jpg,0,nấm mỡ,1
/kaggle/input/aio-hutech/train\nấm mỡ\NM259.jpg,0,nấm mỡ,4
/kaggle/input/aio-hutech/train\nấm mỡ\NM260.jpg,0,nấm mỡ,0
/kaggle/input/aio-hutech/train\nấm mỡ\NM261.jpg,0,nấm mỡ,1
/kaggle/input/aio-hutech/train\nấm mỡ\NM262.jpg,0,nấm mỡ,1
/kaggle/input/aio-hutech/train\nấm mỡ\NM263.jpg,0,nấm mỡ,4
/kaggle/input/aio-hutech/train\nấm mỡ\NM264.jpg,0,nấm mỡ,0
/kaggle/input/aio-hutech/train\nấm mỡ\NM265.jpg,0,nấm mỡ,1
/kaggle/input/aio-hutech/train\nấm mỡ\NM266.jpg,0,nấm mỡ,3
/kaggle/input/aio-hutech/train\nấm mỡ\NM267.jpg,0,nấm mỡ,5
/kaggle/input/aio-hutech/train\nấm mỡ\NM268.jpg,0,nấm mỡ,2
/kaggle/input/aio-hutech/train\nấm mỡ\NM269.jpg,0,nấm mỡ,5
/kaggle/input/aio-hutech/train\nấm mỡ\NM270.jpg,0,nấm mỡ,4
/kaggle/input/aio-hutech/train\nấm mỡ\NM271.jpg,0,nấm mỡ,1
/kaggle/input/aio-hutech/train\nấm mỡ\NM272.jpg,0,nấm mỡ,1
/kaggle/input/aio-hutech/train\nấm mỡ\NM273.jpg,0,nấm mỡ,3
/kaggle/input/aio-hutech/train\nấm mỡ\NM274.jpg,0,nấm mỡ,3
/kaggle/input/aio-hutech/train\nấm mỡ\NM275.jpg,0,nấm mỡ,5
/kaggle/input/aio-hutech/train\nấm mỡ\NM276.jpg,0,nấm mỡ,3
/kaggle/input/aio-hutech/train\nấm mỡ\NM277.jpg,0,nấm mỡ,3
/kaggle/input/aio-hutech/train\nấm mỡ\NM278.jpg,0,nấm mỡ,1
/kaggle/input/aio-hutech/train\nấm mỡ\NM279.jpg,0,nấm mỡ,0
/kaggle/input/aio-hutech/train\nấm mỡ\NM280.jpg,0,nấm mỡ,4
/kaggle/input/aio-hutech/train\nấm mỡ\NM281.jpg,0,nấm mỡ,5
/kaggle/input/aio-hutech/train\nấm mỡ\NM282.jpg,0,nấm mỡ,0
/kaggle/input/aio-hutech/train\nấm mỡ\NM283.jpg,0,nấm mỡ,3
/kaggle/input/aio-hutech/train\nấm mỡ\NM284.jpg,0,nấm mỡ,5
/kaggle/input/aio-hutech/train\nấm mỡ\NM285.jpg,0,nấm mỡ,3
/kaggle/input/aio-hutech/train\nấm mỡ\NM286.jpg,0,nấm mỡ,5
/kaggle/input/aio-hutech/train\nấm mỡ\NM287.jpg,0,nấm mỡ,2
/kaggle/input/aio-hutech/train\nấm mỡ\NM288.jpg,0,nấm mỡ,2
/kaggle/input/aio-hutech/train\nấm mỡ\NM289.jpg,0,nấm mỡ,3
/kaggle/input/aio-hutech/train\nấm mỡ\NM290.jpg,0,nấm mỡ,1
/kaggle/input/aio-hutech/train\nấm mỡ\NM291.jpg,0,nấm mỡ,1
/kaggle/input/aio-hutech/train\nấm mỡ\NM292.jpg,0,nấm mỡ,4
/kaggle/input/aio-hutech/train\nấm mỡ\NM293.jpg,0,nấm mỡ,2
/kaggle/input/aio-hutech/train\nấm mỡ\NM294.jpg,0,nấm mỡ,5
/kaggle/input/aio-hutech/train\nấm mỡ\NM295.jpg,0,nấm mỡ,0
/kaggle/input/aio-hutech/train\nấm mỡ\NM296.jpg,0,nấm mỡ,3
/kaggle/input/aio-hutech/train\nấm mỡ\NM297.jpg,0,nấm mỡ,1
/kaggle/input/aio-hutech/train\nấm mỡ\NM298.jpg,0,nấm mỡ,2
/kaggle/input/aio-hutech/train\nấm mỡ\NM299.jpg,0,nấm mỡ,5
/kaggle/input/aio-hutech/train\nấm mỡ\NM300.jpg,0,nấm mỡ,2
/kaggle/input/aio-hutech/train\bào ngư xám + trắng\BN001.jpg,1,bào ngư xám + trắng,4
/kaggle/input/aio-hutech/train\bào ngư xám + trắng\BN002.jpg,1,bào ngư xám + trắng,3
/kaggle/input/aio-hutech/train\bào ngư xám + trắng\BN003.jpg,1,bào ngư xám + trắng,3
/kaggle/input/aio-hutech/train\bào ngư xám + trắng\BN004.jpg,1,bào ngư xám + trắng,1
/kaggle/input/aio-hutech/train\bào ngư xám + trắng\BN005.jpg,1,bào ngư xám + trắng,2
/kaggle/input/aio-hutech/train\bào ngư xám + trắng\BN006.jpg,1,bào ngư xám + trắng,5
/kaggle/input/aio-hutech/train\bào ngư xám + trắng\BN007.jpg,1,bào ngư xám + trắng,3
/kaggle/input/aio-hutech/train\bào ngư xám + trắng\BN008.jpg,1,bào ngư xám + trắng,0
/kaggle/input/aio-hutech/train\bào ngư xám + trắng\BN009.jpg,1,bào ngư xám + trắng,5
/kaggle/input/aio-hutech/train\bào ngư xám + trắng\BN010.jpg,1,bào ngư xám + trắng,1
/kaggle/input/aio-hutech/train\bào ngư xám + trắng\BN011.jpg,1,bào ngư xám + trắng,5
/kaggle/input/aio-hutech/train\bào ngư xám + trắng\BN012.jpg,1,bào ngư xám + trắng,4
/kaggle/input/aio-hutech/train\bào ngư xám + trắng\BN013.jpg,1,bào ngư xám + trắng,2
/kaggle/input/aio-hutech/train\bào ngư xám + trắng\BN014.jpg,1,bào ngư xám + trắng,2
/kaggle/input/aio-hutech/train\bào ngư xám + trắng\BN015.jpg,1,bào ngư xám + trắng,2
/kaggle/input/aio-hutech/train\bào ngư xám + trắng\BN016.jpg,1,bào ngư xám + trắng,2
/kaggle/input/aio-hutech/train\bào ngư xám + trắng\BN017.jpg,1,bào ngư xám + trắng,4
/kaggle/input/aio-hutech/train\bào ngư xám + trắng\BN018.jpg,1,bào ngư xám + trắng,2
/kaggle/input/aio-hutech/train\bào ngư xám + trắng\BN019.jpg,1,bào ngư xám + trắng,4
/kaggle/input/aio-hutech/train\bào ngư xám + trắng\BN020.jpg,1,bào ngư xám + trắng,3
/kaggle/input/aio-hutech/train\bào ngư xám + trắng\BN021.jpg,1,bào ngư xám + trắng,2
/kaggle/input/aio-hutech/train\bào ngư xám + trắng\BN022.jpg,1,bào ngư xám + trắng,3
/kaggle/input/aio-hutech/train\bào ngư xám + trắng\BN023.jpg,1,bào ngư xám + trắng,4
/kaggle/input/aio-hutech/train\bào ngư xám + trắng\BN024.jpg,1,bào ngư xám + trắng,5
/kaggle/input/aio-hutech/train\bào ngư xám + trắng\BN025.jpg,1,bào ngư xám + trắng,5
/kaggle/input/aio-hutech/train\bào ngư xám + trắng\BN026.jpg,1,bào ngư xám + trắng,3
/kaggle/input/aio-hutech/train\bào ngư xám + trắng\BN027.jpg,1,bào ngư xám + trắng,0
/kaggle/input/aio-hutech/train\bào ngư xám + trắng\BN028.jpg,1,bào ngư xám + trắng,4
/kaggle/input/aio-hutech/train\bào ngư xám + trắng\BN029.jpg,1,bào ngư xám + trắng,5
/kaggle/input/aio-hutech/train\bào ngư xám + trắng\BN030.jpg,1,bào ngư xám + trắng,2
/kaggle/input/aio-hutech/train\bào ngư xám + trắng\BN031.jpg,1,bào ngư xám + trắng,0
/kaggle/input/aio-hutech/train\bào ngư xám + trắng\BN032.jpg,1,bào ngư xám + trắng,2
/kaggle/input/aio-hutech/train\bào ngư xám + trắng\BN033.jpg,1,bào ngư xám + trắng,0
/kaggle/input/aio-hutech/train\bào ngư xám + trắng\BN034.jpg,1,bào ngư xám + trắng,3
/kaggle/input/aio-hutech/train\bào ngư xám + trắng\BN035.jpg,1,bào ngư xám + trắng,2
/kaggle/input/aio-hutech/train\bào ngư xám + trắng\BN036.jpg,1,bào ngư xám + trắng,3
/kaggle/input/aio-hutech/train\bào ngư xám + trắng\BN037.jpg,1,bào ngư xám + trắng,0
/kaggle/input/aio-hutech/train\bào ngư xám + trắng\BN038.jpg,1,bào ngư xám + trắng,1
/kaggle/input/aio-hutech/train\bào ngư xám + trắng\BN039.jpg,1,bào ngư xám + trắng,1
/kaggle/input/aio-hutech/train\bào ngư xám + trắng\BN040.jpg,1,bào ngư xám + trắng,1
/kaggle/input/aio-hutech/train\bào ngư xám + trắng\BN041.jpg,1,bào ngư xám + trắng,2
/kaggle/input/aio-hutech/train\bào ngư xám + trắng\BN042.jpg,1,bào ngư xám + trắng,5
/kaggle/input/aio-hutech/train\bào ngư xám + trắng\BN043.jpg,1,bào ngư xám + trắng,3
/kaggle/input/aio-hutech/train\bào ngư xám + trắng\BN044.jpg,1,bào ngư xám + trắng,4
/kaggle/input/aio-hutech/train\bào ngư xám + trắng\BN045.jpg,1,bào ngư xám + trắng,2
/kaggle/input/aio-hutech/train\bào ngư xám + trắng\BN046.jpg,1,bào ngư xám + trắng,4
/kaggle/input/aio-hutech/train\bào ngư xám + trắng\BN047.jpg,1,bào ngư xám + trắng,0
/kaggle/input/aio-hutech/train\bào ngư xám + trắng\BN048.jpg,1,bào ngư xám + trắng,0
/kaggle/input/aio-hutech/train\bào ngư xám + trắng\BN049.jpg,1,bào ngư xám + trắng,0
/kaggle/input/aio-hutech/train\bào ngư xám + trắng\BN050.jpg,1,bào ngư xám + trắng,3
/kaggle/input/aio-hutech/train\bào ngư xám + trắng\BN051.jpg,1,bào ngư xám + trắng,0
/kaggle/input/aio-hutech/train\bào ngư xám + trắng\BN052.jpg,1,bào ngư xám + trắng,4
/kaggle/input/aio-hutech/train\bào ngư xám + trắng\BN053.jpg,1,bào ngư xám + trắng,4
/kaggle/input/aio-hutech/train\bào ngư xám + trắng\BN054.jpg,1,bào ngư xám + trắng,0
/kaggle/input/aio-hutech/train\bào ngư xám + trắng\BN055.jpg,1,bào ngư xám + trắng,1
/kaggle/input/aio-hutech/train\bào ngư xám + trắng\BN056.jpg,1,bào ngư xám + trắng,5
/kaggle/input/aio-hutech/train\bào ngư xám + trắng\BN057.jpg,1,bào ngư xám + trắng,1
/kaggle/input/aio-hutech/train\bào ngư xám + trắng\BN058.jpg,1,bào ngư xám + trắng,5
/kaggle/input/aio-hutech/train\bào ngư xám + trắng\BN059.jpg,1,bào ngư xám + trắng,1
/kaggle/input/aio-hutech/train\bào ngư xám + trắng\BN060.jpg,1,bào ngư xám + trắng,2
/kaggle/input/aio-hutech/train\bào ngư xám + trắng\BN061.jpg,1,bào ngư xám + trắng,3
/kaggle/input/aio-hutech/train\bào ngư xám + trắng\BN062.jpg,1,bào ngư xám + trắng,0
/kaggle/input/aio-hutech/train\bào ngư xám + trắng\BN063.jpg,1,bào ngư xám + trắng,3
/kaggle/input/aio-hutech/train\bào ngư xám + trắng\BN064.jpg,1,bào ngư xám + trắng,4
/kaggle/input/aio-hutech/train\bào ngư xám + trắng\BN065.jpg,1,bào ngư xám + trắng,2
/kaggle/input/aio-hutech/train\bào ngư xám + trắng\BN066.jpg,1,bào ngư xám + trắng,5
/kaggle/input/aio-hutech/train\bào ngư xám + trắng\BN067.jpg,1,bào ngư xám + trắng,0
/kaggle/input/aio-hutech/train\bào ngư xám + trắng\BN068.jpg,1,bào ngư xám + trắng,5
/kaggle/input/aio-hutech/train\bào ngư xám + trắng\BN069.jpg,1,bào ngư xám + trắng,5
/kaggle/input/aio-hutech/train\bào ngư xám + trắng\BN070.jpg,1,bào ngư xám + trắng,3
/kaggle/input/aio-hutech/train\bào ngư xám + trắng\BN071.jpg,1,bào ngư xám + trắng,4
/kaggle/input/aio-hutech/train\bào ngư xám + trắng\BN072.jpg,1,bào ngư xám + trắng,5
/kaggle/input/aio-hutech/train\bào ngư xám + trắng\BN073.jpg,1,bào ngư xám + trắng,5
/kaggle/input/aio-hutech/train\bào ngư xám + trắng\BN074.jpg,1,bào ngư xám + trắng,2
/kaggle/input/aio-hutech/train\bào ngư xám + trắng\BN075.jpg,1,bào ngư xám + trắng,1
/kaggle/input/aio-hutech/train\bào ngư xám + trắng\BN076.jpg,1,bào ngư xám + trắng,1
/kaggle/input/aio-hutech/train\bào ngư xám + trắng\BN077.jpg,1,bào ngư xám + trắng,4
/kaggle/input/aio-hutech/train\bào ngư xám + trắng\BN078.jpg,1,bào ngư xám + trắng,1
/kaggle/input/aio-hutech/train\bào ngư xám + trắng\BN079.jpg,1,bào ngư xám + trắng,2
/kaggle/input/aio-hutech/train\bào ngư xám + trắng\BN080.jpg,1,bào ngư xám + trắng,1
/kaggle/input/aio-hutech/train\bào ngư xám + trắng\BN081.jpg,1,bào ngư xám + trắng,5
/kaggle/input/aio-hutech/train\bào ngư xám + trắng\BN082.jpg,1,bào ngư xám + trắng,4
/kaggle/input/aio-hutech/train\bào ngư xám + trắng\BN083.jpg,1,bào ngư xám + trắng,0
/kaggle/input/aio-hutech/train\bào ngư xám + trắng\BN084.jpg,1,bào ngư xám + trắng,4
/kaggle/input/aio-hutech/train\bào ngư xám + trắng\BN085.jpg,1,bào ngư xám + trắng,2
/kaggle/input/aio-hutech/train\bào ngư xám + trắng\BN086.jpg,1,bào ngư xám + trắng,1
/kaggle/input/aio-hutech/train\bào ngư xám + trắng\BN087.jpg,1,bào ngư xám + trắng,4
/kaggle/input/aio-hutech/train\bào ngư xám + trắng\BN088.jpg,1,bào ngư xám + trắng,1
/kaggle/input/aio-hutech/train\bào ngư xám + trắng\BN089.jpg,1,bào ngư xám + trắng,0
/kaggle/input/aio-hutech/train\bào ngư xám + trắng\BN090.jpg,1,bào ngư xám + trắng,4
/kaggle/input/aio-hutech/train\bào ngư xám + trắng\BN091.jpg,1,bào ngư xám + trắng,2
/kaggle/input/aio-hutech/train\bào ngư xám + trắng\BN092.jpg,1,bào ngư xám + trắng,4
/kaggle/input/aio-hutech/train\bào ngư xám + trắng\BN093.jpg,1,bào ngư xám + trắng,5
/kaggle/input/aio-hutech/train\bào ngư xám + trắng\BN094.jpg,1,bào ngư xám + trắng,3
/kaggle/input/aio-hutech/train\bào ngư xám + trắng\BN095.jpg,1,bào ngư xám + trắng,4
/kaggle/input/aio-hutech/train\bào ngư xám + trắng\BN096.jpg,1,bào ngư xám + trắng,3
/kaggle/input/aio-hutech/train\bào ngư xám + trắng\BN097.jpg,1,bào ngư xám + trắng,1
/kaggle/input/aio-hutech/train\bào ngư xám + trắng\BN098.jpg,1,bào ngư xám + trắng,1
/kaggle/input/aio-hutech/train\bào ngư xám + trắng\BN099.jpg,1,bào ngư xám + trắng,3
/kaggle/input/aio-hutech/train\bào ngư xám + trắng\BN100.jpg,1,bào ngư xám + trắng,3
/kaggle/input/aio-hutech/train\bào ngư xám + trắng\BN101.jpg,1,bào ngư xám + trắng,5
/kaggle/input/aio-hutech/train\bào ngư xám + trắng\BN102.jpg,1,bào ngư xám + trắng,5
/kaggle/input/aio-hutech/train\bào ngư xám + trắng\BN103.jpg,1,bào ngư xám + trắng,5
/kaggle/input/aio-hutech/train\bào ngư xám + trắng\BN104.jpg,1,bào ngư xám + trắng,5
/kaggle/input/aio-hutech/train\bào ngư xám + trắng\BN105.jpg,1,bào ngư xám + trắng,5
/kaggle/input/aio-hutech/train\bào ngư xám + trắng\BN106.jpg,1,bào ngư xám + trắng,0
/kaggle/input/aio-hutech/train\bào ngư xám + trắng\BN107.jpg,1,bào ngư xám + trắng,4
/kaggle/input/aio-hutech/train\bào ngư xám + trắng\BN108.jpg,1,bào ngư xám + trắng,1
/kaggle/input/aio-hutech/train\bào ngư xám + trắng\BN109.jpg,1,bào ngư xám + trắng,0
/kaggle/input/aio-hutech/train\bào ngư xám + trắng\BN110.jpg,1,bào ngư xám + trắng,3
/kaggle/input/aio-hutech/train\bào ngư xám + trắng\BN111.jpg,1,bào ngư xám + trắng,4
/kaggle/input/aio-hutech/train\bào ngư xám + trắng\BN112.jpg,1,bào ngư xám + trắng,1
/kaggle/input/aio-hutech/train\bào ngư xám + trắng\BN113.jpg,1,bào ngư xám + trắng,3
/kaggle/input/aio-hutech/train\bào ngư xám + trắng\BN114.jpg,1,bào ngư xám + trắng,4
/kaggle/input/aio-hutech/train\bào ngư xám + trắng\BN115.jpg,1,bào ngư xám + trắng,0
/kaggle/input/aio-hutech/train\bào ngư xám + trắng\BN116.jpg,1,bào ngư xám + trắng,4
/kaggle/input/aio-hutech/train\bào ngư xám + trắng\BN117.jpg,1,bào ngư xám + trắng,1
/kaggle/input/aio-hutech/train\bào ngư xám + trắng\BN118.jpg,1,bào ngư xám + trắng,2
/kaggle/input/aio-hutech/train\bào ngư xám + trắng\BN119.jpg,1,bào ngư xám + trắng,5
/kaggle/input/aio-hutech/train\bào ngư xám + trắng\BN120.jpg,1,bào ngư xám + trắng,5
/kaggle/input/aio-hutech/train\bào ngư xám + trắng\BN121.jpg,1,bào ngư xám + trắng,5
/kaggle/input/aio-hutech/train\bào ngư xám + trắng\BN122.jpg,1,bào ngư xám + trắng,0
/kaggle/input/aio-hutech/train\bào ngư xám + trắng\BN123.jpg,1,bào ngư xám + trắng,2
/kaggle/input/aio-hutech/train\bào ngư xám + trắng\BN124.jpg,1,bào ngư xám + trắng,1
/kaggle/input/aio-hutech/train\bào ngư xám + trắng\BN125.jpg,1,bào ngư xám + trắng,1
/kaggle/input/aio-hutech/train\bào ngư xám + trắng\BN126.jpg,1,bào ngư xám + trắng,4
/kaggle/input/aio-hutech/train\bào ngư xám + trắng\BN127.jpg,1,bào ngư xám + trắng,4
/kaggle/input/aio-hutech/train\bào ngư xám + trắng\BN128.jpg,1,bào ngư xám + trắng,2
/kaggle/input/aio-hutech/train\bào ngư xám + trắng\BN129.jpg,1,bào ngư xám + trắng,0
/kaggle/input/aio-hutech/train\bào ngư xám + trắng\BN130.jpg,1,bào ngư xám + trắng,1
/kaggle/input/aio-hutech/train\bào ngư xám + trắng\BN131.jpg,1,bào ngư xám + trắng,0
/kaggle/input/aio-hutech/train\bào ngư xám + trắng\BN132.jpg,1,bào ngư xám + trắng,3
/kaggle/input/aio-hutech/train\bào ngư xám + trắng\BN133.jpg,1,bào ngư xám + trắng,5
/kaggle/input/aio-hutech/train\bào ngư xám + trắng\BN134.jpg,1,bào ngư xám + trắng,2
/kaggle/input/aio-hutech/train\bào ngư xám + trắng\BN135.jpg,1,bào ngư xám + trắng,3
/kaggle/input/aio-hutech/train\bào ngư xám + trắng\BN136.jpg,1,bào ngư xám + trắng,3
/kaggle/input/aio-hutech/train\bào ngư xám + trắng\BN137.jpg,1,bào ngư xám + trắng,3
/kaggle/input/aio-hutech/train\bào ngư xám + trắng\BN138.jpg,1,bào ngư xám + trắng,3
/kaggle/input/aio-hutech/train\bào ngư xám + trắng\BN139.jpg,1,bào ngư xám + trắng,4
/kaggle/input/aio-hutech/train\bào ngư xám + trắng\BN140.jpg,1,bào ngư xám + trắng,0
/kaggle/input/aio-hutech/train\bào ngư xám + trắng\BN141.jpg,1,bào ngư xám + trắng,3
/kaggle/input/aio-hutech/train\bào ngư xám + trắng\BN142.jpg,1,bào ngư xám + trắng,4
/kaggle/input/aio-hutech/train\bào ngư xám + trắng\BN143.jpg,1,bào ngư xám + trắng,0
/kaggle/input/aio-hutech/train\bào ngư xám + trắng\BN144.jpg,1,bào ngư xám + trắng,1
/kaggle/input/aio-hutech/train\bào ngư xám + trắng\BN145.jpg,1,bào ngư xám + trắng,5
/kaggle/input/aio-hutech/train\bào ngư xám + trắng\BN146.jpg,1,bào ngư xám + trắng,1
/kaggle/input/aio-hutech/train\bào ngư xám + trắng\BN147.jpg,1,bào ngư xám + trắng,4
/kaggle/input/aio-hutech/train\bào ngư xám + trắng\BN148.jpg,1,bào ngư xám + trắng,3
/kaggle/input/aio-hutech/train\bào ngư xám + trắng\BN149.jpg,1,bào ngư xám + trắng,4
/kaggle/input/aio-hutech/train\bào ngư xám + trắng\BN150.jpg,1,bào ngư xám + trắng,5
/kaggle/input/aio-hutech/train\bào ngư xám + trắng\BN151.jpg,1,bào ngư xám + trắng,0
/kaggle/input/aio-hutech/train\bào ngư xám + trắng\BN152.jpg,1,bào ngư xám + trắng,4
/kaggle/input/aio-hutech/train\bào ngư xám + trắng\BN153.jpg,1,bào ngư xám + trắng,4
/kaggle/input/aio-hutech/train\bào ngư xám + trắng\BN154.jpg,1,bào ngư xám + trắng,3
/kaggle/input/aio-hutech/train\bào ngư xám + trắng\BN155.jpg,1,bào ngư xám + trắng,1
/kaggle/input/aio-hutech/train\bào ngư xám + trắng\BN156.jpg,1,bào ngư xám + trắng,1
/kaggle/input/aio-hutech/train\bào ngư xám + trắng\BN157.jpg,1,bào ngư xám + trắng,0
/kaggle/input/aio-hutech/train\bào ngư xám + trắng\BN158.jpg,1,bào ngư xám + trắng,1
/kaggle/input/aio-hutech/train\bào ngư xám + trắng\BN159.jpg,1,bào ngư xám + trắng,0
/kaggle/input/aio-hutech/train\bào ngư xám + trắng\BN160.jpg,1,bào ngư xám + trắng,3
/kaggle/input/aio-hutech/train\bào ngư xám + trắng\BN161.jpg,1,bào ngư xám + trắng,3
/kaggle/input/aio-hutech/train\bào ngư xám + trắng\BN162.jpg,1,bào ngư xám + trắng,1
/kaggle/input/aio-hutech/train\bào ngư xám + trắng\BN163.jpg,1,bào ngư xám + trắng,0
/kaggle/input/aio-hutech/train\bào ngư xám + trắng\BN164.jpg,1,bào ngư xám + trắng,2
/kaggle/input/aio-hutech/train\bào ngư xám + trắng\BN165.jpg,1,bào ngư xám + trắng,2
/kaggle/input/aio-hutech/train\bào ngư xám + trắng\BN166.jpg,1,bào ngư xám + trắng,1
/kaggle/input/aio-hutech/train\bào ngư xám + trắng\BN167.jpg,1,bào ngư xám + trắng,0
/kaggle/input/aio-hutech/train\bào ngư xám + trắng\BN168.jpg,1,bào ngư xám + trắng,0
/kaggle/input/aio-hutech/train\bào ngư xám + trắng\BN169.jpg,1,bào ngư xám + trắng,2
/kaggle/input/aio-hutech/train\bào ngư xám + trắng\BN170.jpg,1,bào ngư xám + trắng,3
/kaggle/input/aio-hutech/train\bào ngư xám + trắng\BN171.jpg,1,bào ngư xám + trắng,2
/kaggle/input/aio-hutech/train\bào ngư xám + trắng\BN172.jpg,1,bào ngư xám + trắng,2
/kaggle/input/aio-hutech/train\bào ngư xám + trắng\BN173.jpg,1,bào ngư xám + trắng,2
/kaggle/input/aio-hutech/train\bào ngư xám + trắng\BN174.jpg,1,bào ngư xám + trắng,5
/kaggle/input/aio-hutech/train\bào ngư xám + trắng\BN175.jpg,1,bào ngư xám + trắng,0
/kaggle/input/aio-hutech/train\bào ngư xám + trắng\BN176.jpg,1,bào ngư xám + trắng,1
/kaggle/input/aio-hutech/train\bào ngư xám + trắng\BN177.jpg,1,bào ngư xám + trắng,2
/kaggle/input/aio-hutech/train\bào ngư xám + trắng\BN178.jpg,1,bào ngư xám + trắng,1
/kaggle/input/aio-hutech/train\bào ngư xám + trắng\BN179.jpg,1,bào ngư xám + trắng,4
/kaggle/input/aio-hutech/train\bào ngư xám + trắng\BN180.jpg,1,bào ngư xám + trắng,4
/kaggle/input/aio-hutech/train\bào ngư xám + trắng\BN181.jpg,1,bào ngư xám + trắng,0
/kaggle/input/aio-hutech/train\bào ngư xám + trắng\BN182.jpg,1,bào ngư xám + trắng,4
/kaggle/input/aio-hutech/train\bào ngư xám + trắng\BN183.jpg,1,bào ngư xám + trắng,2
/kaggle/input/aio-hutech/train\bào ngư xám + trắng\BN184.jpg,1,bào ngư xám + trắng,2
/kaggle/input/aio-hutech/train\bào ngư xám + trắng\BN185.jpg,1,bào ngư xám + trắng,5
/kaggle/input/aio-hutech/train\bào ngư xám + trắng\BN186.jpg,1,bào ngư xám + trắng,5
/kaggle/input/aio-hutech/train\bào ngư xám + trắng\BN187.jpg,1,bào ngư xám + trắng,2
/kaggle/input/aio-hutech/train\bào ngư xám + trắng\BN188.jpg,1,bào ngư xám + trắng,2
/kaggle/input/aio-hutech/train\bào ngư xám + trắng\BN189.jpg,1,bào ngư xám + trắng,5
/kaggle/input/aio-hutech/train\bào ngư xám + trắng\BN190.jpg,1,bào ngư xám + trắng,4
/kaggle/input/aio-hutech/train\bào ngư xám + trắng\BN191.jpg,1,bào ngư xám + trắng,4
/kaggle/input/aio-hutech/train\bào ngư xám + trắng\BN192.jpg,1,bào ngư xám + trắng,1
/kaggle/input/aio-hutech/train\bào ngư xám + trắng\BN193.jpg,1,bào ngư xám + trắng,3
/kaggle/input/aio-hutech/train\bào ngư xám + trắng\BN194.jpg,1,bào ngư xám + trắng,1
/kaggle/input/aio-hutech/train\bào ngư xám + trắng\BN195.jpg,1,bào ngư xám + trắng,5
/kaggle/input/aio-hutech/train\bào ngư xám + trắng\BN196.jpg,1,bào ngư xám + trắng,0
/kaggle/input/aio-hutech/train\bào ngư xám + trắng\BN197.jpg,1,bào ngư xám + trắng,1
/kaggle/input/aio-hutech/train\bào ngư xám + trắng\BN198.jpg,1,bào ngư xám + trắng,5
/kaggle/input/aio-hutech/train\bào ngư xám + trắng\BN199.jpg,1,bào ngư xám + trắng,2
/kaggle/input/aio-hutech/train\bào ngư xám + trắng\BN200.jpg,1,bào ngư xám + trắng,5
/kaggle/input/aio-hutech/train\bào ngư xám + trắng\BN201.jpg,1,bào ngư xám + trắng,3
/kaggle/input/aio-hutech/train\bào ngư xám + trắng\BN202.jpg,1,bào ngư xám + trắng,2
/kaggle/input/aio-hutech/train\bào ngư xám + trắng\BN203.jpg,1,bào ngư xám + trắng,0
/kaggle/input/aio-hutech/train\bào ngư xám + trắng\BN204.jpg,1,bào ngư xám + trắng,2
/kaggle/input/aio-hutech/train\bào ngư xám + trắng\BN205.jpg,1,bào ngư xám + trắng,5
/kaggle/input/aio-hutech/train\bào ngư xám + trắng\BN206.jpg,1,bào ngư xám + trắng,1
/kaggle/input/aio-hutech/train\bào ngư xám + trắng\BN207.jpg,1,bào ngư xám + trắng,4
/kaggle/input/aio-hutech/train\bào ngư xám + trắng\BN208.jpg,1,bào ngư xám + trắng,2
/kaggle/input/aio-hutech/train\bào ngư xám + trắng\BN209.jpg,1,bào ngư xám + trắng,5
/kaggle/input/aio-hutech/train\bào ngư xám + trắng\BN210.jpg,1,bào ngư xám + trắng,5
/kaggle/input/aio-hutech/train\bào ngư xám + trắng\BN211.jpg,1,bào ngư xám + trắng,0
/kaggle/input/aio-hutech/train\bào ngư xám + trắng\BN212.jpg,1,bào ngư xám + trắng,1
/kaggle/input/aio-hutech/train\bào ngư xám + trắng\BN213.jpg,1,bào ngư xám + trắng,5
/kaggle/input/aio-hutech/train\bào ngư xám + trắng\BN214.jpg,1,bào ngư xám + trắng,3
/kaggle/input/aio-hutech/train\bào ngư xám + trắng\BN215.jpg,1,bào ngư xám + trắng,5
/kaggle/input/aio-hutech/train\bào ngư xám + trắng\BN216.jpg,1,bào ngư xám + trắng,5
/kaggle/input/aio-hutech/train\bào ngư xám + trắng\BN217.jpg,1,bào ngư xám + trắng,4
/kaggle/input/aio-hutech/train\bào ngư xám + trắng\BN218.jpg,1,bào ngư xám + trắng,5
/kaggle/input/aio-hutech/train\bào ngư xám + trắng\BN219.jpg,1,bào ngư xám + trắng,2
/kaggle/input/aio-hutech/train\bào ngư xám + trắng\BN220.jpg,1,bào ngư xám + trắng,2
/kaggle/input/aio-hutech/train\bào ngư xám + trắng\BN221.jpg,1,bào ngư xám + trắng,3
/kaggle/input/aio-hutech/train\bào ngư xám + trắng\BN222.jpg,1,bào ngư xám + trắng,1
/kaggle/input/aio-hutech/train\bào ngư xám + trắng\BN223.jpg,1,bào ngư xám + trắng,3
/kaggle/input/aio-hutech/train\bào ngư xám + trắng\BN224.jpg,1,bào ngư xám + trắng,4
/kaggle/input/aio-hutech/train\bào ngư xám + trắng\BN225.jpg,1,bào ngư xám + trắng,1
/kaggle/input/aio-hutech/train\bào ngư xám + trắng\BN226.jpg,1,bào ngư xám + trắng,1
/kaggle/input/aio-hutech/train\bào ngư xám + trắng\BN227.jpg,1,bào ngư xám + trắng,5
/kaggle/input/aio-hutech/train\bào ngư xám + trắng\BN228.jpg,1,bào ngư xám + trắng,4
/kaggle/input/aio-hutech/train\bào ngư xám + trắng\BN229.jpg,1,bào ngư xám + trắng,0
/kaggle/input/aio-hutech/train\bào ngư xám + trắng\BN230.jpg,1,bào ngư xám + trắng,1
/kaggle/input/aio-hutech/train\bào ngư xám + trắng\BN231.jpg,1,bào ngư xám + trắng,1
/kaggle/input/aio-hutech/train\bào ngư xám + trắng\BN232.jpg,1,bào ngư xám + trắng,1
/kaggle/input/aio-hutech/train\bào ngư xám + trắng\BN233.jpg,1,bào ngư xám + trắng,2
/kaggle/input/aio-hutech/train\bào ngư xám + trắng\BN234.jpg,1,bào ngư xám + trắng,4
/kaggle/input/aio-hutech/train\bào ngư xám + trắng\BN235.jpg,1,bào ngư xám + trắng,2
/kaggle/input/aio-hutech/train\bào ngư xám + trắng\BN236.jpg,1,bào ngư xám + trắng,4
/kaggle/input/aio-hutech/train\bào ngư xám + trắng\BN237.jpg,1,bào ngư xám + trắng,2
/kaggle/input/aio-hutech/train\bào ngư xám + trắng\BN238.jpg,1,bào ngư xám + trắng,2
/kaggle/input/aio-hutech/train\bào ngư xám + trắng\BN239.jpg,1,bào ngư xám + trắng,4
/kaggle/input/aio-hutech/train\bào ngư xám + trắng\BN240.jpg,1,bào ngư xám + trắng,0
/kaggle/input/aio-hutech/train\bào ngư xám + trắng\BN241.jpg,1,bào ngư xám + trắng,1
/kaggle/input/aio-hutech/train\bào ngư xám + trắng\BN242.jpg,1,bào ngư xám + trắng,0
/kaggle/input/aio-hutech/train\bào ngư xám + trắng\BN243.jpg,1,bào ngư xám + trắng,3
/kaggle/input/aio-hutech/train\bào ngư xám + trắng\BN244.jpg,1,bào ngư xám + trắng,0
/kaggle/input/aio-hutech/train\bào ngư xám + trắng\BN245.jpg,1,bào ngư xám + trắng,1
/kaggle/input/aio-hutech/train\bào ngư xám + trắng\BN246.jpg,1,bào ngư xám + trắng,2
/kaggle/input/aio-hutech/train\bào ngư xám + trắng\BN247.jpg,1,bào ngư xám + trắng,1
/kaggle/input/aio-hutech/train\bào ngư xám + trắng\BN248.jpg,1,bào ngư xám + trắng,0
/kaggle/input/aio-hutech/train\bào ngư xám + trắng\BN249.jpg,1,bào ngư xám + trắng,3
/kaggle/input/aio-hutech/train\bào ngư xám + trắng\BN250.jpg,1,bào ngư xám + trắng,3
/kaggle/input/aio-hutech/train\bào ngư xám + trắng\BN251.jpg,1,bào ngư xám + trắng,0
/kaggle/input/aio-hutech/train\bào ngư xám + trắng\BN252.jpg,1,bào ngư xám + trắng,5
/kaggle/input/aio-hutech/train\bào ngư xám + trắng\BN253.jpg,1,bào ngư xám + trắng,0
/kaggle/input/aio-hutech/train\bào ngư xám + trắng\BN254.jpg,1,bào ngư xám + trắng,4
/kaggle/input/aio-hutech/train\bào ngư xám + trắng\BN255.jpg,1,bào ngư xám + trắng,3
/kaggle/input/aio-hutech/train\bào ngư xám + trắng\BN256.jpg,1,bào ngư xám + trắng,4
/kaggle/input/aio-hutech/train\bào ngư xám + trắng\BN257.jpg,1,bào ngư xám + trắng,0
/kaggle/input/aio-hutech/train\bào ngư xám + trắng\BN258.jpg,1,bào ngư xám + trắng,3
/kaggle/input/aio-hutech/train\bào ngư xám + trắng\BN259.jpg,1,bào ngư xám + trắng,4
/kaggle/input/aio-hutech/train\bào ngư xám + trắng\BN260.jpg,1,bào ngư xám + trắng,2
/kaggle/input/aio-hutech/train\bào ngư xám + trắng\BN261.jpg,1,bào ngư xám + trắng,3
/kaggle/input/aio-hutech/train\bào ngư xám + trắng\BN262.jpg,1,bào ngư xám + trắng,2
/kaggle/input/aio-hutech/train\bào ngư xám + trắng\BN263.jpg,1,bào ngư xám + trắng,3
/kaggle/input/aio-hutech/train\bào ngư xám + trắng\BN264.jpg,1,bào ngư xám + trắng,2
/kaggle/input/aio-hutech/train\bào ngư xám + trắng\BN265.jpg,1,bào ngư xám + trắng,3
/kaggle/input/aio-hutech/train\bào ngư xám + trắng\BN266.jpg,1,bào ngư xám + trắng,1
/kaggle/input/aio-hutech/train\bào ngư xám + trắng\BN267.jpg,1,bào ngư xám + trắng,1
/kaggle/input/aio-hutech/train\bào ngư xám + trắng\BN268.jpg,1,bào ngư xám + trắng,4
/kaggle/input/aio-hutech/train\bào ngư xám + trắng\BN269.jpg,1,bào ngư xám + trắng,0
/kaggle/input/aio-hutech/train\bào ngư xám + trắng\BN270.jpg,1,bào ngư xám + trắng,2
/kaggle/input/aio-hutech/train\bào ngư xám + trắng\BN271.jpg,1,bào ngư xám + trắng,5
/kaggle/input/aio-hutech/train\bào ngư xám + trắng\BN272.jpg,1,bào ngư xám + trắng,3
/kaggle/input/aio-hutech/train\bào ngư xám + trắng\BN273.jpg,1,bào ngư xám + trắng,5
/kaggle/input/aio-hutech/train\bào ngư xám + trắng\BN274.jpg,1,bào ngư xám + trắng,3
/kaggle/input/aio-hutech/train\bào ngư xám + trắng\BN275.jpg,1,bào ngư xám + trắng,2
/kaggle/input/aio-hutech/train\bào ngư xám + trắng\BN276.jpg,1,bào ngư xám + trắng,3
/kaggle/input/aio-hutech/train\bào ngư xám + trắng\BN277.jpg,1,bào ngư xám + trắng,5
/kaggle/input/aio-hutech/train\bào ngư xám + trắng\BN278.jpg,1,bào ngư xám + trắng,1
/kaggle/input/aio-hutech/train\bào ngư xám + trắng\BN279.jpg,1,bào ngư xám + trắng,3
/kaggle/input/aio-hutech/train\bào ngư xám + trắng\BN280.jpg,1,bào ngư xám + trắng,0
/kaggle/input/aio-hutech/train\bào ngư xám + trắng\BN281.jpg,1,bào ngư xám + trắng,4
/kaggle/input/aio-hutech/train\bào ngư xám + trắng\BN282.jpg,1,bào ngư xám + trắng,1
/kaggle/input/aio-hutech/train\bào ngư xám + trắng\BN283.jpg,1,bào ngư xám + trắng,0
/kaggle/input/aio-hutech/train\bào ngư xám + trắng\BN284.jpg,1,bào ngư xám + trắng,0
/kaggle/input/aio-hutech/train\bào ngư xám + trắng\BN285.jpg,1,bào ngư xám + trắng,3
/kaggle/input/aio-hutech/train\bào ngư xám + trắng\BN286.jpg,1,bào ngư xám + trắng,4
/kaggle/input/aio-hutech/train\bào ngư xám + trắng\BN287.jpg,1,bào ngư xám + trắng,3
/kaggle/input/aio-hutech/train\bào ngư xám + trắng\BN288.jpg,1,bào ngư xám + trắng,0
/kaggle/input/aio-hutech/train\bào ngư xám + trắng\BN289.jpg,1,bào ngư xám + trắng,0
/kaggle/input/aio-hutech/train\bào ngư xám + trắng\BN290.jpg,1,bào ngư xám + trắng,3
/kaggle/input/aio-hutech/train\bào ngư xám + trắng\BN291.jpg,1,bào ngư xám + trắng,0
/kaggle/input/aio-hutech/train\bào ngư xám + trắng\BN292.jpg,1,bào ngư xám + trắng,0
/kaggle/input/aio-hutech/train\bào ngư xám + trắng\BN293.jpg,1,bào ngư xám + trắng,2
/kaggle/input/aio-hutech/train\bào ngư xám + trắng\BN294.jpg,1,bào ngư xám + trắng,5
/kaggle/input/aio-hutech/train\bào ngư xám + trắng\BN295.jpg,1,bào ngư xám + trắng,1
/kaggle/input/aio-hutech/train\bào ngư xám + trắng\BN296.jpg,1,bào ngư xám + trắng,5
/kaggle/input/aio-hutech/train\bào ngư xám + trắng\BN297.jpg,1,bào ngư xám + trắng,5
/kaggle/input/aio-hutech/train\bào ngư xám + trắng\BN298.jpg,1,bào ngư xám + trắng,4
/kaggle/input/aio-hutech/train\bào ngư xám + trắng\BN299.jpg,1,bào ngư xám + trắng,0
/kaggle/input/aio-hutech/train\bào ngư xám + trắng\BN300.jpg,1,bào ngư xám + trắng,5
/kaggle/input/aio-hutech/train\Đùi gà Baby (cắt ngắn)\DG001.jpg,2,Đùi gà Baby (cắt ngắn),4
/kaggle/input/aio-hutech/train\Đùi gà Baby (cắt ngắn)\DG002.jpg,2,Đùi gà Baby (cắt ngắn),3
/kaggle/input/aio-hutech/train\Đùi gà Baby (cắt ngắn)\DG003.jpg,2,Đùi gà Baby (cắt ngắn),4
/kaggle/input/aio-hutech/train\Đùi gà Baby (cắt ngắn)\DG004.jpg,2,Đùi gà Baby (cắt ngắn),5
/kaggle/input/aio-hutech/train\Đùi gà Baby (cắt ngắn)\DG005.jpg,2,Đùi gà Baby (cắt ngắn),5
/kaggle/input/aio-hutech/train\Đùi gà Baby (cắt ngắn)\DG006.jpg,2,Đùi gà Baby (cắt ngắn),1
/kaggle/input/aio-hutech/train\Đùi gà Baby (cắt ngắn)\DG007.jpg,2,Đùi gà Baby (cắt ngắn),1
/kaggle/input/aio-hutech/train\Đùi gà Baby (cắt ngắn)\DG008.jpg,2,Đùi gà Baby (cắt ngắn),4
/kaggle/input/aio-hutech/train\Đùi gà Baby (cắt ngắn)\DG009.jpg,2,Đùi gà Baby (cắt ngắn),2
/kaggle/input/aio-hutech/train\Đùi gà Baby (cắt ngắn)\DG010.jpg,2,Đùi gà Baby (cắt ngắn),0
/kaggle/input/aio-hutech/train\Đùi gà Baby (cắt ngắn)\DG011.jpg,2,Đùi gà Baby (cắt ngắn),3
/kaggle/input/aio-hutech/train\Đùi gà Baby (cắt ngắn)\DG012.jpg,2,Đùi gà Baby (cắt ngắn),4
/kaggle/input/aio-hutech/train\Đùi gà Baby (cắt ngắn)\DG013.jpg,2,Đùi gà Baby (cắt ngắn),5
/kaggle/input/aio-hutech/train\Đùi gà Baby (cắt ngắn)\DG014.jpg,2,Đùi gà Baby (cắt ngắn),2
/kaggle/input/aio-hutech/train\Đùi gà Baby (cắt ngắn)\DG015.jpg,2,Đùi gà Baby (cắt ngắn),3
/kaggle/input/aio-hutech/train\Đùi gà Baby (cắt ngắn)\DG016.jpg,2,Đùi gà Baby (cắt ngắn),1
/kaggle/input/aio-hutech/train\Đùi gà Baby (cắt ngắn)\DG017.jpg,2,Đùi gà Baby (cắt ngắn),3
/kaggle/input/aio-hutech/train\Đùi gà Baby (cắt ngắn)\DG018.jpg,2,Đùi gà Baby (cắt ngắn),0
/kaggle/input/aio-hutech/train\Đùi gà Baby (cắt ngắn)\DG019.jpg,2,Đùi gà Baby (cắt ngắn),0
/kaggle/input/aio-hutech/train\Đùi gà Baby (cắt ngắn)\DG020.jpg,2,Đùi gà Baby (cắt ngắn),3
/kaggle/input/aio-hutech/train\Đùi gà Baby (cắt ngắn)\DG021.jpg,2,Đùi gà Baby (cắt ngắn),0
/kaggle/input/aio-hutech/train\Đùi gà Baby (cắt ngắn)\DG022.jpg,2,Đùi gà Baby (cắt ngắn),3
/kaggle/input/aio-hutech/train\Đùi gà Baby (cắt ngắn)\DG023.jpg,2,Đùi gà Baby (cắt ngắn),4
/kaggle/input/aio-hutech/train\Đùi gà Baby (cắt ngắn)\DG024.jpg,2,Đùi gà Baby (cắt ngắn),1
/kaggle/input/aio-hutech/train\Đùi gà Baby (cắt ngắn)\DG025.jpg,2,Đùi gà Baby (cắt ngắn),5
/kaggle/input/aio-hutech/train\Đùi gà Baby (cắt ngắn)\DG026.jpg,2,Đùi gà Baby (cắt ngắn),0
/kaggle/input/aio-hutech/train\Đùi gà Baby (cắt ngắn)\DG027.jpg,2,Đùi gà Baby (cắt ngắn),3
/kaggle/input/aio-hutech/train\Đùi gà Baby (cắt ngắn)\DG028.jpg,2,Đùi gà Baby (cắt ngắn),1
/kaggle/input/aio-hutech/train\Đùi gà Baby (cắt ngắn)\DG029.jpg,2,Đùi gà Baby (cắt ngắn),1
/kaggle/input/aio-hutech/train\Đùi gà Baby (cắt ngắn)\DG030.jpg,2,Đùi gà Baby (cắt ngắn),4
/kaggle/input/aio-hutech/train\Đùi gà Baby (cắt ngắn)\DG031.jpg,2,Đùi gà Baby (cắt ngắn),3
/kaggle/input/aio-hutech/train\Đùi gà Baby (cắt ngắn)\DG032.jpg,2,Đùi gà Baby (cắt ngắn),2
/kaggle/input/aio-hutech/train\Đùi gà Baby (cắt ngắn)\DG033.jpg,2,Đùi gà Baby (cắt ngắn),1
/kaggle/input/aio-hutech/train\Đùi gà Baby (cắt ngắn)\DG034.jpg,2,Đùi gà Baby (cắt ngắn),2
/kaggle/input/aio-hutech/train\Đùi gà Baby (cắt ngắn)\DG035.jpg,2,Đùi gà Baby (cắt ngắn),4
/kaggle/input/aio-hutech/train\Đùi gà Baby (cắt ngắn)\DG036.jpg,2,Đùi gà Baby (cắt ngắn),3
/kaggle/input/aio-hutech/train\Đùi gà Baby (cắt ngắn)\DG037.jpg,2,Đùi gà Baby (cắt ngắn),1
/kaggle/input/aio-hutech/train\Đùi gà Baby (cắt ngắn)\DG038.jpg,2,Đùi gà Baby (cắt ngắn),5
/kaggle/input/aio-hutech/train\Đùi gà Baby (cắt ngắn)\DG039.jpg,2,Đùi gà Baby (cắt ngắn),2
/kaggle/input/aio-hutech/train\Đùi gà Baby (cắt ngắn)\DG040.jpg,2,Đùi gà Baby (cắt ngắn),0
/kaggle/input/aio-hutech/train\Đùi gà Baby (cắt ngắn)\DG041.jpg,2,Đùi gà Baby (cắt ngắn),4
/kaggle/input/aio-hutech/train\Đùi gà Baby (cắt ngắn)\DG042.jpg,2,Đùi gà Baby (cắt ngắn),4
/kaggle/input/aio-hutech/train\Đùi gà Baby (cắt ngắn)\DG043.jpg,2,Đùi gà Baby (cắt ngắn),0
/kaggle/input/aio-hutech/train\Đùi gà Baby (cắt ngắn)\DG044.jpg,2,Đùi gà Baby (cắt ngắn),3
/kaggle/input/aio-hutech/train\Đùi gà Baby (cắt ngắn)\DG045.jpg,2,Đùi gà Baby (cắt ngắn),5
/kaggle/input/aio-hutech/train\Đùi gà Baby (cắt ngắn)\DG046.jpg,2,Đùi gà Baby (cắt ngắn),4
/kaggle/input/aio-hutech/train\Đùi gà Baby (cắt ngắn)\DG047.jpg,2,Đùi gà Baby (cắt ngắn),0
/kaggle/input/aio-hutech/train\Đùi gà Baby (cắt ngắn)\DG048.jpg,2,Đùi gà Baby (cắt ngắn),0
/kaggle/input/aio-hutech/train\Đùi gà Baby (cắt ngắn)\DG049.jpg,2,Đùi gà Baby (cắt ngắn),2
/kaggle/input/aio-hutech/train\Đùi gà Baby (cắt ngắn)\DG050.jpg,2,Đùi gà Baby (cắt ngắn),3
/kaggle/input/aio-hutech/train\Đùi gà Baby (cắt ngắn)\DG051.jpg,2,Đùi gà Baby (cắt ngắn),5
/kaggle/input/aio-hutech/train\Đùi gà Baby (cắt ngắn)\DG052.jpg,2,Đùi gà Baby (cắt ngắn),1
/kaggle/input/aio-hutech/train\Đùi gà Baby (cắt ngắn)\DG053.jpg,2,Đùi gà Baby (cắt ngắn),5
/kaggle/input/aio-hutech/train\Đùi gà Baby (cắt ngắn)\DG054.jpg,2,Đùi gà Baby (cắt ngắn),2
/kaggle/input/aio-hutech/train\Đùi gà Baby (cắt ngắn)\DG055.jpg,2,Đùi gà Baby (cắt ngắn),2
/kaggle/input/aio-hutech/train\Đùi gà Baby (cắt ngắn)\DG056.jpg,2,Đùi gà Baby (cắt ngắn),0
/kaggle/input/aio-hutech/train\Đùi gà Baby (cắt ngắn)\DG057.jpg,2,Đùi gà Baby (cắt ngắn),2
/kaggle/input/aio-hutech/train\Đùi gà Baby (cắt ngắn)\DG058.jpg,2,Đùi gà Baby (cắt ngắn),5
/kaggle/input/aio-hutech/train\Đùi gà Baby (cắt ngắn)\DG059.jpg,2,Đùi gà Baby (cắt ngắn),1
/kaggle/input/aio-hutech/train\Đùi gà Baby (cắt ngắn)\DG060.jpg,2,Đùi gà Baby (cắt ngắn),5
/kaggle/input/aio-hutech/train\Đùi gà Baby (cắt ngắn)\DG061.jpg,2,Đùi gà Baby (cắt ngắn),5
/kaggle/input/aio-hutech/train\Đùi gà Baby (cắt ngắn)\DG062.jpg,2,Đùi gà Baby (cắt ngắn),0
/kaggle/input/aio-hutech/train\Đùi gà Baby (cắt ngắn)\DG063.jpg,2,Đùi gà Baby (cắt ngắn),2
/kaggle/input/aio-hutech/train\Đùi gà Baby (cắt ngắn)\DG064.jpg,2,Đùi gà Baby (cắt ngắn),4
/kaggle/input/aio-hutech/train\Đùi gà Baby (cắt ngắn)\DG065.jpg,2,Đùi gà Baby (cắt ngắn),2
/kaggle/input/aio-hutech/train\Đùi gà Baby (cắt ngắn)\DG066.jpg,2,Đùi gà Baby (cắt ngắn),0
/kaggle/input/aio-hutech/train\Đùi gà Baby (cắt ngắn)\DG067.jpg,2,Đùi gà Baby (cắt ngắn),5
/kaggle/input/aio-hutech/train\Đùi gà Baby (cắt ngắn)\DG068.jpg,2,Đùi gà Baby (cắt ngắn),1
/kaggle/input/aio-hutech/train\Đùi gà Baby (cắt ngắn)\DG069.jpg,2,Đùi gà Baby (cắt ngắn),4
/kaggle/input/aio-hutech/train\Đùi gà Baby (cắt ngắn)\DG070.jpg,2,Đùi gà Baby (cắt ngắn),4
/kaggle/input/aio-hutech/train\Đùi gà Baby (cắt ngắn)\DG071.jpg,2,Đùi gà Baby (cắt ngắn),5
/kaggle/input/aio-hutech/train\Đùi gà Baby (cắt ngắn)\DG072.jpg,2,Đùi gà Baby (cắt ngắn),0
/kaggle/input/aio-hutech/train\Đùi gà Baby (cắt ngắn)\DG073.jpg,2,Đùi gà Baby (cắt ngắn),0
/kaggle/input/aio-hutech/train\Đùi gà Baby (cắt ngắn)\DG074.jpg,2,Đùi gà Baby (cắt ngắn),3
/kaggle/input/aio-hutech/train\Đùi gà Baby (cắt ngắn)\DG075.jpg,2,Đùi gà Baby (cắt ngắn),5
/kaggle/input/aio-hutech/train\Đùi gà Baby (cắt ngắn)\DG076.jpg,2,Đùi gà Baby (cắt ngắn),2
/kaggle/input/aio-hutech/train\Đùi gà Baby (cắt ngắn)\DG077.jpg,2,Đùi gà Baby (cắt ngắn),5
/kaggle/input/aio-hutech/train\Đùi gà Baby (cắt ngắn)\DG078.jpg,2,Đùi gà Baby (cắt ngắn),3
/kaggle/input/aio-hutech/train\Đùi gà Baby (cắt ngắn)\DG079.jpg,2,Đùi gà Baby (cắt ngắn),5
/kaggle/input/aio-hutech/train\Đùi gà Baby (cắt ngắn)\DG080.jpg,2,Đùi gà Baby (cắt ngắn),3
/kaggle/input/aio-hutech/train\Đùi gà Baby (cắt ngắn)\DG081.jpg,2,Đùi gà Baby (cắt ngắn),0
/kaggle/input/aio-hutech/train\Đùi gà Baby (cắt ngắn)\DG082.jpg,2,Đùi gà Baby (cắt ngắn),1
/kaggle/input/aio-hutech/train\Đùi gà Baby (cắt ngắn)\DG083.jpg,2,Đùi gà Baby (cắt ngắn),0
/kaggle/input/aio-hutech/train\Đùi gà Baby (cắt ngắn)\DG084.jpg,2,Đùi gà Baby (cắt ngắn),2
/kaggle/input/aio-hutech/train\Đùi gà Baby (cắt ngắn)\DG085.jpg,2,Đùi gà Baby (cắt ngắn),2
/kaggle/input/aio-hutech/train\Đùi gà Baby (cắt ngắn)\DG086.jpg,2,Đùi gà Baby (cắt ngắn),0
/kaggle/input/aio-hutech/train\Đùi gà Baby (cắt ngắn)\DG087.jpg,2,Đùi gà Baby (cắt ngắn),5
/kaggle/input/aio-hutech/train\Đùi gà Baby (cắt ngắn)\DG088.jpg,2,Đùi gà Baby (cắt ngắn),5
/kaggle/input/aio-hutech/train\Đùi gà Baby (cắt ngắn)\DG089.jpg,2,Đùi gà Baby (cắt ngắn),1
/kaggle/input/aio-hutech/train\Đùi gà Baby (cắt ngắn)\DG090.jpg,2,Đùi gà Baby (cắt ngắn),2
/kaggle/input/aio-hutech/train\Đùi gà Baby (cắt ngắn)\DG091.jpg,2,Đùi gà Baby (cắt ngắn),4
/kaggle/input/aio-hutech/train\Đùi gà Baby (cắt ngắn)\DG092.jpg,2,Đùi gà Baby (cắt ngắn),3
/kaggle/input/aio-hutech/train\Đùi gà Baby (cắt ngắn)\DG093.jpg,2,Đùi gà Baby (cắt ngắn),1
/kaggle/input/aio-hutech/train\Đùi gà Baby (cắt ngắn)\DG094.jpg,2,Đùi gà Baby (cắt ngắn),1
/kaggle/input/aio-hutech/train\Đùi gà Baby (cắt ngắn)\DG095.jpg,2,Đùi gà Baby (cắt ngắn),0
/kaggle/input/aio-hutech/train\Đùi gà Baby (cắt ngắn)\DG096.jpg,2,Đùi gà Baby (cắt ngắn),2
/kaggle/input/aio-hutech/train\Đùi gà Baby (cắt ngắn)\DG097.jpg,2,Đùi gà Baby (cắt ngắn),4
/kaggle/input/aio-hutech/train\Đùi gà Baby (cắt ngắn)\DG098.jpg,2,Đùi gà Baby (cắt ngắn),4
/kaggle/input/aio-hutech/train\Đùi gà Baby (cắt ngắn)\DG099.jpg,2,Đùi gà Baby (cắt ngắn),4
/kaggle/input/aio-hutech/train\Đùi gà Baby (cắt ngắn)\DG100.jpg,2,Đùi gà Baby (cắt ngắn),4
/kaggle/input/aio-hutech/train\Đùi gà Baby (cắt ngắn)\DG101.jpg,2,Đùi gà Baby (cắt ngắn),2
/kaggle/input/aio-hutech/train\Đùi gà Baby (cắt ngắn)\DG102.jpg,2,Đùi gà Baby (cắt ngắn),3
/kaggle/input/aio-hutech/train\Đùi gà Baby (cắt ngắn)\DG103.jpg,2,Đùi gà Baby (cắt ngắn),5
/kaggle/input/aio-hutech/train\Đùi gà Baby (cắt ngắn)\DG104.jpg,2,Đùi gà Baby (cắt ngắn),3
/kaggle/input/aio-hutech/train\Đùi gà Baby (cắt ngắn)\DG105.jpg,2,Đùi gà Baby (cắt ngắn),5
/kaggle/input/aio-hutech/train\Đùi gà Baby (cắt ngắn)\DG106.jpg,2,Đùi gà Baby (cắt ngắn),2
/kaggle/input/aio-hutech/train\Đùi gà Baby (cắt ngắn)\DG107.jpg,2,Đùi gà Baby (cắt ngắn),0
/kaggle/input/aio-hutech/train\Đùi gà Baby (cắt ngắn)\DG108.jpg,2,Đùi gà Baby (cắt ngắn),2
/kaggle/input/aio-hutech/train\Đùi gà Baby (cắt ngắn)\DG109.jpg,2,Đùi gà Baby (cắt ngắn),1
/kaggle/input/aio-hutech/train\Đùi gà Baby (cắt ngắn)\DG110.jpg,2,Đùi gà Baby (cắt ngắn),4
/kaggle/input/aio-hutech/train\Đùi gà Baby (cắt ngắn)\DG111.jpg,2,Đùi gà Baby (cắt ngắn),3
/kaggle/input/aio-hutech/train\Đùi gà Baby (cắt ngắn)\DG112.jpg,2,Đùi gà Baby (cắt ngắn),4
/kaggle/input/aio-hutech/train\Đùi gà Baby (cắt ngắn)\DG113.jpg,2,Đùi gà Baby (cắt ngắn),5
/kaggle/input/aio-hutech/train\Đùi gà Baby (cắt ngắn)\DG114.jpg,2,Đùi gà Baby (cắt ngắn),1
/kaggle/input/aio-hutech/train\Đùi gà Baby (cắt ngắn)\DG115.jpg,2,Đùi gà Baby (cắt ngắn),1
/kaggle/input/aio-hutech/train\Đùi gà Baby (cắt ngắn)\DG116.jpg,2,Đùi gà Baby (cắt ngắn),1
/kaggle/input/aio-hutech/train\Đùi gà Baby (cắt ngắn)\DG117.jpg,2,Đùi gà Baby (cắt ngắn),2
/kaggle/input/aio-hutech/train\Đùi gà Baby (cắt ngắn)\DG118.jpg,2,Đùi gà Baby (cắt ngắn),4
/kaggle/input/aio-hutech/train\Đùi gà Baby (cắt ngắn)\DG119.jpg,2,Đùi gà Baby (cắt ngắn),0
/kaggle/input/aio-hutech/train\Đùi gà Baby (cắt ngắn)\DG120.jpg,2,Đùi gà Baby (cắt ngắn),4
/kaggle/input/aio-hutech/train\Đùi gà Baby (cắt ngắn)\DG121.jpg,2,Đùi gà Baby (cắt ngắn),4
/kaggle/input/aio-hutech/train\Đùi gà Baby (cắt ngắn)\DG122.jpg,2,Đùi gà Baby (cắt ngắn),3
/kaggle/input/aio-hutech/train\Đùi gà Baby (cắt ngắn)\DG123.jpg,2,Đùi gà Baby (cắt ngắn),0
/kaggle/input/aio-hutech/train\Đùi gà Baby (cắt ngắn)\DG124.jpg,2,Đùi gà Baby (cắt ngắn),5
/kaggle/input/aio-hutech/train\Đùi gà Baby (cắt ngắn)\DG125.jpg,2,Đùi gà Baby (cắt ngắn),1
/kaggle/input/aio-hutech/train\Đùi gà Baby (cắt ngắn)\DG126.jpg,2,Đùi gà Baby (cắt ngắn),5
/kaggle/input/aio-hutech/train\Đùi gà Baby (cắt ngắn)\DG127.jpg,2,Đùi gà Baby (cắt ngắn),2
/kaggle/input/aio-hutech/train\Đùi gà Baby (cắt ngắn)\DG128.jpg,2,Đùi gà Baby (cắt ngắn),3
/kaggle/input/aio-hutech/train\Đùi gà Baby (cắt ngắn)\DG129.jpg,2,Đùi gà Baby (cắt ngắn),4
/kaggle/input/aio-hutech/train\Đùi gà Baby (cắt ngắn)\DG130.jpg,2,Đùi gà Baby (cắt ngắn),5
/kaggle/input/aio-hutech/train\Đùi gà Baby (cắt ngắn)\DG131.jpg,2,Đùi gà Baby (cắt ngắn),1
/kaggle/input/aio-hutech/train\Đùi gà Baby (cắt ngắn)\DG132.jpg,2,Đùi gà Baby (cắt ngắn),5
/kaggle/input/aio-hutech/train\Đùi gà Baby (cắt ngắn)\DG133.jpg,2,Đùi gà Baby (cắt ngắn),1
/kaggle/input/aio-hutech/train\Đùi gà Baby (cắt ngắn)\DG134.jpg,2,Đùi gà Baby (cắt ngắn),5
/kaggle/input/aio-hutech/train\Đùi gà Baby (cắt ngắn)\DG135.jpg,2,Đùi gà Baby (cắt ngắn),4
/kaggle/input/aio-hutech/train\Đùi gà Baby (cắt ngắn)\DG136.jpg,2,Đùi gà Baby (cắt ngắn),3
/kaggle/input/aio-hutech/train\Đùi gà Baby (cắt ngắn)\DG137.jpg,2,Đùi gà Baby (cắt ngắn),3
/kaggle/input/aio-hutech/train\Đùi gà Baby (cắt ngắn)\DG138.jpg,2,Đùi gà Baby (cắt ngắn),0
/kaggle/input/aio-hutech/train\Đùi gà Baby (cắt ngắn)\DG139.jpg,2,Đùi gà Baby (cắt ngắn),2
/kaggle/input/aio-hutech/train\Đùi gà Baby (cắt ngắn)\DG140.jpg,2,Đùi gà Baby (cắt ngắn),1
/kaggle/input/aio-hutech/train\Đùi gà Baby (cắt ngắn)\DG141.jpg,2,Đùi gà Baby (cắt ngắn),1
/kaggle/input/aio-hutech/train\Đùi gà Baby (cắt ngắn)\DG142.jpg,2,Đùi gà Baby (cắt ngắn),2
/kaggle/input/aio-hutech/train\Đùi gà Baby (cắt ngắn)\DG143.jpg,2,Đùi gà Baby (cắt ngắn),3
/kaggle/input/aio-hutech/train\Đùi gà Baby (cắt ngắn)\DG144.jpg,2,Đùi gà Baby (cắt ngắn),4
/kaggle/input/aio-hutech/train\Đùi gà Baby (cắt ngắn)\DG145.jpg,2,Đùi gà Baby (cắt ngắn),2
/kaggle/input/aio-hutech/train\Đùi gà Baby (cắt ngắn)\DG146.jpg,2,Đùi gà Baby (cắt ngắn),3
/kaggle/input/aio-hutech/train\Đùi gà Baby (cắt ngắn)\DG147.jpg,2,Đùi gà Baby (cắt ngắn),1
/kaggle/input/aio-hutech/train\Đùi gà Baby (cắt ngắn)\DG148.jpg,2,Đùi gà Baby (cắt ngắn),3
/kaggle/input/aio-hutech/train\Đùi gà Baby (cắt ngắn)\DG149.jpg,2,Đùi gà Baby (cắt ngắn),5
/kaggle/input/aio-hutech/train\Đùi gà Baby (cắt ngắn)\DG150.jpg,2,Đùi gà Baby (cắt ngắn),4
/kaggle/input/aio-hutech/train\Đùi gà Baby (cắt ngắn)\DG151.jpg,2,Đùi gà Baby (cắt ngắn),0
/kaggle/input/aio-hutech/train\Đùi gà Baby (cắt ngắn)\DG152.jpg,2,Đùi gà Baby (cắt ngắn),2
/kaggle/input/aio-hutech/train\Đùi gà Baby (cắt ngắn)\DG153.jpg,2,Đùi gà Baby (cắt ngắn),3
/kaggle/input/aio-hutech/train\Đùi gà Baby (cắt ngắn)\DG154.jpg,2,Đùi gà Baby (cắt ngắn),4
/kaggle/input/aio-hutech/train\Đùi gà Baby (cắt ngắn)\DG155.jpg,2,Đùi gà Baby (cắt ngắn),3
/kaggle/input/aio-hutech/train\Đùi gà Baby (cắt ngắn)\DG156.jpg,2,Đùi gà Baby (cắt ngắn),5
/kaggle/input/aio-hutech/train\Đùi gà Baby (cắt ngắn)\DG157.jpg,2,Đùi gà Baby (cắt ngắn),1
/kaggle/input/aio-hutech/train\Đùi gà Baby (cắt ngắn)\DG158.jpg,2,Đùi gà Baby (cắt ngắn),4
/kaggle/input/aio-hutech/train\Đùi gà Baby (cắt ngắn)\DG159.jpg,2,Đùi gà Baby (cắt ngắn),4
/kaggle/input/aio-hutech/train\Đùi gà Baby (cắt ngắn)\DG160.jpg,2,Đùi gà Baby (cắt ngắn),0
/kaggle/input/aio-hutech/train\Đùi gà Baby (cắt ngắn)\DG161.jpg,2,Đùi gà Baby (cắt ngắn),0
/kaggle/input/aio-hutech/train\Đùi gà Baby (cắt ngắn)\DG162.jpg,2,Đùi gà Baby (cắt ngắn),2
/kaggle/input/aio-hutech/train\Đùi gà Baby (cắt ngắn)\DG163.jpg,2,Đùi gà Baby (cắt ngắn),0
/kaggle/input/aio-hutech/train\Đùi gà Baby (cắt ngắn)\DG164.jpg,2,Đùi gà Baby (cắt ngắn),1
/kaggle/input/aio-hutech/train\Đùi gà Baby (cắt ngắn)\DG165.jpg,2,Đùi gà Baby (cắt ngắn),5
/kaggle/input/aio-hutech/train\Đùi gà Baby (cắt ngắn)\DG166.jpg,2,Đùi gà Baby (cắt ngắn),2
/kaggle/input/aio-hutech/train\Đùi gà Baby (cắt ngắn)\DG167.jpg,2,Đùi gà Baby (cắt ngắn),1
/kaggle/input/aio-hutech/train\Đùi gà Baby (cắt ngắn)\DG168.jpg,2,Đùi gà Baby (cắt ngắn),4
/kaggle/input/aio-hutech/train\Đùi gà Baby (cắt ngắn)\DG169.jpg,2,Đùi gà Baby (cắt ngắn),4
/kaggle/input/aio-hutech/train\Đùi gà Baby (cắt ngắn)\DG170.jpg,2,Đùi gà Baby (cắt ngắn),1
/kaggle/input/aio-hutech/train\Đùi gà Baby (cắt ngắn)\DG171.jpg,2,Đùi gà Baby (cắt ngắn),3
/kaggle/input/aio-hutech/train\Đùi gà Baby (cắt ngắn)\DG172.jpg,2,Đùi gà Baby (cắt ngắn),1
/kaggle/input/aio-hutech/train\Đùi gà Baby (cắt ngắn)\DG173.jpg,2,Đùi gà Baby (cắt ngắn),0
/kaggle/input/aio-hutech/train\Đùi gà Baby (cắt ngắn)\DG174.jpg,2,Đùi gà Baby (cắt ngắn),5
/kaggle/input/aio-hutech/train\Đùi gà Baby (cắt ngắn)\DG175.jpg,2,Đùi gà Baby (cắt ngắn),4
/kaggle/input/aio-hutech/train\Đùi gà Baby (cắt ngắn)\DG176.jpg,2,Đùi gà Baby (cắt ngắn),2
/kaggle/input/aio-hutech/train\Đùi gà Baby (cắt ngắn)\DG177.jpg,2,Đùi gà Baby (cắt ngắn),1
/kaggle/input/aio-hutech/train\Đùi gà Baby (cắt ngắn)\DG178.jpg,2,Đùi gà Baby (cắt ngắn),0
/kaggle/input/aio-hutech/train\Đùi gà Baby (cắt ngắn)\DG179.jpg,2,Đùi gà Baby (cắt ngắn),1
/kaggle/input/aio-hutech/train\Đùi gà Baby (cắt ngắn)\DG180.jpg,2,Đùi gà Baby (cắt ngắn),5
/kaggle/input/aio-hutech/train\Đùi gà Baby (cắt ngắn)\DG181.jpg,2,Đùi gà Baby (cắt ngắn),2
/kaggle/input/aio-hutech/train\Đùi gà Baby (cắt ngắn)\DG182.jpg,2,Đùi gà Baby (cắt ngắn),1
/kaggle/input/aio-hutech/train\Đùi gà Baby (cắt ngắn)\DG183.jpg,2,Đùi gà Baby (cắt ngắn),2
/kaggle/input/aio-hutech/train\Đùi gà Baby (cắt ngắn)\DG184.jpg,2,Đùi gà Baby (cắt ngắn),1
/kaggle/input/aio-hutech/train\Đùi gà Baby (cắt ngắn)\DG185.jpg,2,Đùi gà Baby (cắt ngắn),4
/kaggle/input/aio-hutech/train\Đùi gà Baby (cắt ngắn)\DG186.jpg,2,Đùi gà Baby (cắt ngắn),4
/kaggle/input/aio-hutech/train\Đùi gà Baby (cắt ngắn)\DG187.jpg,2,Đùi gà Baby (cắt ngắn),0
/kaggle/input/aio-hutech/train\Đùi gà Baby (cắt ngắn)\DG188.jpg,2,Đùi gà Baby (cắt ngắn),1
/kaggle/input/aio-hutech/train\Đùi gà Baby (cắt ngắn)\DG189.jpg,2,Đùi gà Baby (cắt ngắn),1
/kaggle/input/aio-hutech/train\Đùi gà Baby (cắt ngắn)\DG190.jpg,2,Đùi gà Baby (cắt ngắn),1
/kaggle/input/aio-hutech/train\Đùi gà Baby (cắt ngắn)\DG191.jpg,2,Đùi gà Baby (cắt ngắn),0
/kaggle/input/aio-hutech/train\Đùi gà Baby (cắt ngắn)\DG192.jpg,2,Đùi gà Baby (cắt ngắn),1
/kaggle/input/aio-hutech/train\Đùi gà Baby (cắt ngắn)\DG193.jpg,2,Đùi gà Baby (cắt ngắn),0
/kaggle/input/aio-hutech/train\Đùi gà Baby (cắt ngắn)\DG194.jpg,2,Đùi gà Baby (cắt ngắn),3
/kaggle/input/aio-hutech/train\Đùi gà Baby (cắt ngắn)\DG195.jpg,2,Đùi gà Baby (cắt ngắn),2
/kaggle/input/aio-hutech/train\Đùi gà Baby (cắt ngắn)\DG196.jpg,2,Đùi gà Baby (cắt ngắn),1
/kaggle/input/aio-hutech/train\Đùi gà Baby (cắt ngắn)\DG197.jpg,2,Đùi gà Baby (cắt ngắn),5
/kaggle/input/aio-hutech/train\Đùi gà Baby (cắt ngắn)\DG198.jpg,2,Đùi gà Baby (cắt ngắn),0
/kaggle/input/aio-hutech/train\Đùi gà Baby (cắt ngắn)\DG199.jpg,2,Đùi gà Baby (cắt ngắn),2
/kaggle/input/aio-hutech/train\Đùi gà Baby (cắt ngắn)\DG200.jpg,2,Đùi gà Baby (cắt ngắn),0
/kaggle/input/aio-hutech/train\Đùi gà Baby (cắt ngắn)\DG201.jpg,2,Đùi gà Baby (cắt ngắn),2
/kaggle/input/aio-hutech/train\Đùi gà Baby (cắt ngắn)\DG202.jpg,2,Đùi gà Baby (cắt ngắn),0
/kaggle/input/aio-hutech/train\Đùi gà Baby (cắt ngắn)\DG203.jpg,2,Đùi gà Baby (cắt ngắn),1
/kaggle/input/aio-hutech/train\Đùi gà Baby (cắt ngắn)\DG204.jpg,2,Đùi gà Baby (cắt ngắn),0
/kaggle/input/aio-hutech/train\Đùi gà Baby (cắt ngắn)\DG205.jpg,2,Đùi gà Baby (cắt ngắn),3
/kaggle/input/aio-hutech/train\Đùi gà Baby (cắt ngắn)\DG206.jpg,2,Đùi gà Baby (cắt ngắn),3
/kaggle/input/aio-hutech/train\Đùi gà Baby (cắt ngắn)\DG207.jpg,2,Đùi gà Baby (cắt ngắn),5
/kaggle/input/aio-hutech/train\Đùi gà Baby (cắt ngắn)\DG208.jpg,2,Đùi gà Baby (cắt ngắn),3
/kaggle/input/aio-hutech/train\Đùi gà Baby (cắt ngắn)\DG209.jpg,2,Đùi gà Baby (cắt ngắn),2
/kaggle/input/aio-hutech/train\Đùi gà Baby (cắt ngắn)\DG210.jpg,2,Đùi gà Baby (cắt ngắn),1
/kaggle/input/aio-hutech/train\Đùi gà Baby (cắt ngắn)\DG211.jpg,2,Đùi gà Baby (cắt ngắn),5
/kaggle/input/aio-hutech/train\Đùi gà Baby (cắt ngắn)\DG212.jpg,2,Đùi gà Baby (cắt ngắn),0
/kaggle/input/aio-hutech/train\Đùi gà Baby (cắt ngắn)\DG213.jpg,2,Đùi gà Baby (cắt ngắn),0
/kaggle/input/aio-hutech/train\Đùi gà Baby (cắt ngắn)\DG214.jpg,2,Đùi gà Baby (cắt ngắn),5
/kaggle/input/aio-hutech/train\Đùi gà Baby (cắt ngắn)\DG215.jpg,2,Đùi gà Baby (cắt ngắn),3
/kaggle/input/aio-hutech/train\Đùi gà Baby (cắt ngắn)\DG216.jpg,2,Đùi gà Baby (cắt ngắn),4
/kaggle/input/aio-hutech/train\Đùi gà Baby (cắt ngắn)\DG217.jpg,2,Đùi gà Baby (cắt ngắn),4
/kaggle/input/aio-hutech/train\Đùi gà Baby (cắt ngắn)\DG218.jpg,2,Đùi gà Baby (cắt ngắn),3
/kaggle/input/aio-hutech/train\Đùi gà Baby (cắt ngắn)\DG219.jpg,2,Đùi gà Baby (cắt ngắn),4
/kaggle/input/aio-hutech/train\Đùi gà Baby (cắt ngắn)\DG220.jpg,2,Đùi gà Baby (cắt ngắn),2
/kaggle/input/aio-hutech/train\Đùi gà Baby (cắt ngắn)\DG221.jpg,2,Đùi gà Baby (cắt ngắn),5
/kaggle/input/aio-hutech/train\Đùi gà Baby (cắt ngắn)\DG222.jpg,2,Đùi gà Baby (cắt ngắn),3
/kaggle/input/aio-hutech/train\Đùi gà Baby (cắt ngắn)\DG223.jpg,2,Đùi gà Baby (cắt ngắn),3
/kaggle/input/aio-hutech/train\Đùi gà Baby (cắt ngắn)\DG224.jpg,2,Đùi gà Baby (cắt ngắn),0
/kaggle/input/aio-hutech/train\Đùi gà Baby (cắt ngắn)\DG225.jpg,2,Đùi gà Baby (cắt ngắn),2
/kaggle/input/aio-hutech/train\Đùi gà Baby (cắt ngắn)\DG226.jpg,2,Đùi gà Baby (cắt ngắn),5
/kaggle/input/aio-hutech/train\Đùi gà Baby (cắt ngắn)\DG227.jpg,2,Đùi gà Baby (cắt ngắn),0
/kaggle/input/aio-hutech/train\Đùi gà Baby (cắt ngắn)\DG228.jpg,2,Đùi gà Baby (cắt ngắn),3
/kaggle/input/aio-hutech/train\Đùi gà Baby (cắt ngắn)\DG229.jpg,2,Đùi gà Baby (cắt ngắn),1
/kaggle/input/aio-hutech/train\Đùi gà Baby (cắt ngắn)\DG230.jpg,2,Đùi gà Baby (cắt ngắn),3
/kaggle/input/aio-hutech/train\Đùi gà Baby (cắt ngắn)\DG231.jpg,2,Đùi gà Baby (cắt ngắn),2
/kaggle/input/aio-hutech/train\Đùi gà Baby (cắt ngắn)\DG232.jpg,2,Đùi gà Baby (cắt ngắn),1
/kaggle/input/aio-hutech/train\Đùi gà Baby (cắt ngắn)\DG233.jpg,2,Đùi gà Baby (cắt ngắn),5
/kaggle/input/aio-hutech/train\Đùi gà Baby (cắt ngắn)\DG234.jpg,2,Đùi gà Baby (cắt ngắn),1
/kaggle/input/aio-hutech/train\Đùi gà Baby (cắt ngắn)\DG235.jpg,2,Đùi gà Baby (cắt ngắn),2
/kaggle/input/aio-hutech/train\Đùi gà Baby (cắt ngắn)\DG236.jpg,2,Đùi gà Baby (cắt ngắn),0
/kaggle/input/aio-hutech/train\Đùi gà Baby (cắt ngắn)\DG237.jpg,2,Đùi gà Baby (cắt ngắn),5
/kaggle/input/aio-hutech/train\Đùi gà Baby (cắt ngắn)\DG238.jpg,2,Đùi gà Baby (cắt ngắn),3
/kaggle/input/aio-hutech/train\Đùi gà Baby (cắt ngắn)\DG239.jpg,2,Đùi gà Baby (cắt ngắn),3
/kaggle/input/aio-hutech/train\Đùi gà Baby (cắt ngắn)\DG240.jpg,2,Đùi gà Baby (cắt ngắn),4
/kaggle/input/aio-hutech/train\Đùi gà Baby (cắt ngắn)\DG241.jpg,2,Đùi gà Baby (cắt ngắn),2
/kaggle/input/aio-hutech/train\Đùi gà Baby (cắt ngắn)\DG242.jpg,2,Đùi gà Baby (cắt ngắn),3
/kaggle/input/aio-hutech/train\Đùi gà Baby (cắt ngắn)\DG243.jpg,2,Đùi gà Baby (cắt ngắn),0
/kaggle/input/aio-hutech/train\Đùi gà Baby (cắt ngắn)\DG244.jpg,2,Đùi gà Baby (cắt ngắn),4
/kaggle/input/aio-hutech/train\Đùi gà Baby (cắt ngắn)\DG245.jpg,2,Đùi gà Baby (cắt ngắn),1
/kaggle/input/aio-hutech/train\Đùi gà Baby (cắt ngắn)\DG246.jpg,2,Đùi gà Baby (cắt ngắn),0
/kaggle/input/aio-hutech/train\Đùi gà Baby (cắt ngắn)\DG247.jpg,2,Đùi gà Baby (cắt ngắn),5
/kaggle/input/aio-hutech/train\Đùi gà Baby (cắt ngắn)\DG248.jpg,2,Đùi gà Baby (cắt ngắn),3
/kaggle/input/aio-hutech/train\Đùi gà Baby (cắt ngắn)\DG249.jpg,2,Đùi gà Baby (cắt ngắn),4
/kaggle/input/aio-hutech/train\Đùi gà Baby (cắt ngắn)\DG250.jpg,2,Đùi gà Baby (cắt ngắn),2
/kaggle/input/aio-hutech/train\Đùi gà Baby (cắt ngắn)\DG251.jpg,2,Đùi gà Baby (cắt ngắn),0
/kaggle/input/aio-hutech/train\Đùi gà Baby (cắt ngắn)\DG252.jpg,2,Đùi gà Baby (cắt ngắn),2
/kaggle/input/aio-hutech/train\Đùi gà Baby (cắt ngắn)\DG253.jpg,2,Đùi gà Baby (cắt ngắn),1
/kaggle/input/aio-hutech/train\Đùi gà Baby (cắt ngắn)\DG254.jpg,2,Đùi gà Baby (cắt ngắn),5
/kaggle/input/aio-hutech/train\Đùi gà Baby (cắt ngắn)\DG255.jpg,2,Đùi gà Baby (cắt ngắn),5
/kaggle/input/aio-hutech/train\Đùi gà Baby (cắt ngắn)\DG256.jpg,2,Đùi gà Baby (cắt ngắn),3
/kaggle/input/aio-hutech/train\Đùi gà Baby (cắt ngắn)\DG257.jpg,2,Đùi gà Baby (cắt ngắn),2
/kaggle/input/aio-hutech/train\Đùi gà Baby (cắt ngắn)\DG258.jpg,2,Đùi gà Baby (cắt ngắn),0
/kaggle/input/aio-hutech/train\Đùi gà Baby (cắt ngắn)\DG259.jpg,2,Đùi gà Baby (cắt ngắn),4
/kaggle/input/aio-hutech/train\Đùi gà Baby (cắt ngắn)\DG260.jpg,2,Đùi gà Baby (cắt ngắn),0
/kaggle/input/aio-hutech/train\Đùi gà Baby (cắt ngắn)\DG261.jpg,2,Đùi gà Baby (cắt ngắn),0
/kaggle/input/aio-hutech/train\Đùi gà Baby (cắt ngắn)\DG262.jpg,2,Đùi gà Baby (cắt ngắn),2
/kaggle/input/aio-hutech/train\Đùi gà Baby (cắt ngắn)\DG263.jpg,2,Đùi gà Baby (cắt ngắn),4
/kaggle/input/aio-hutech/train\Đùi gà Baby (cắt ngắn)\DG264.jpg,2,Đùi gà Baby (cắt ngắn),3
/kaggle/input/aio-hutech/train\Đùi gà Baby (cắt ngắn)\DG265.jpg,2,Đùi gà Baby (cắt ngắn),4
/kaggle/input/aio-hutech/train\Đùi gà Baby (cắt ngắn)\DG266.jpg,2,Đùi gà Baby (cắt ngắn),5
/kaggle/input/aio-hutech/train\Đùi gà Baby (cắt ngắn)\DG267.jpg,2,Đùi gà Baby (cắt ngắn),4
/kaggle/input/aio-hutech/train\Đùi gà Baby (cắt ngắn)\DG268.jpg,2,Đùi gà Baby (cắt ngắn),4
/kaggle/input/aio-hutech/train\Đùi gà Baby (cắt ngắn)\DG269.jpg,2,Đùi gà Baby (cắt ngắn),1
/kaggle/input/aio-hutech/train\Đùi gà Baby (cắt ngắn)\DG270.jpg,2,Đùi gà Baby (cắt ngắn),2
/kaggle/input/aio-hutech/train\Đùi gà Baby (cắt ngắn)\DG271.jpg,2,Đùi gà Baby (cắt ngắn),5
/kaggle/input/aio-hutech/train\Đùi gà Baby (cắt ngắn)\DG272.jpg,2,Đùi gà Baby (cắt ngắn),3
/kaggle/input/aio-hutech/train\Đùi gà Baby (cắt ngắn)\DG273.jpg,2,Đùi gà Baby (cắt ngắn),5
/kaggle/input/aio-hutech/train\Đùi gà Baby (cắt ngắn)\DG274.jpg,2,Đùi gà Baby (cắt ngắn),0
/kaggle/input/aio-hutech/train\Đùi gà Baby (cắt ngắn)\DG275.jpg,2,Đùi gà Baby (cắt ngắn),5
/kaggle/input/aio-hutech/train\Đùi gà Baby (cắt ngắn)\DG276.jpg,2,Đùi gà Baby (cắt ngắn),2
/kaggle/input/aio-hutech/train\Đùi gà Baby (cắt ngắn)\DG277.jpg,2,Đùi gà Baby (cắt ngắn),2
/kaggle/input/aio-hutech/train\Đùi gà Baby (cắt ngắn)\DG278.jpg,2,Đùi gà Baby (cắt ngắn),3
/kaggle/input/aio-hutech/train\Đùi gà Baby (cắt ngắn)\DG279.jpg,2,Đùi gà Baby (cắt ngắn),3
/kaggle/input/aio-hutech/train\Đùi gà Baby (cắt ngắn)\DG280.jpg,2,Đùi gà Baby (cắt ngắn),0
/kaggle/input/aio-hutech/train\Đùi gà Baby (cắt ngắn)\DG281.jpg,2,Đùi gà Baby (cắt ngắn),2
/kaggle/input/aio-hutech/train\Đùi gà Baby (cắt ngắn)\DG282.jpg,2,Đùi gà Baby (cắt ngắn),1
/kaggle/input/aio-hutech/train\Đùi gà Baby (cắt ngắn)\DG283.jpg,2,Đùi gà Baby (cắt ngắn),5
/kaggle/input/aio-hutech/train\Đùi gà Baby (cắt ngắn)\DG284.jpg,2,Đùi gà Baby (cắt ngắn),4
/kaggle/input/aio-hutech/train\Đùi gà Baby (cắt ngắn)\DG285.jpg,2,Đùi gà Baby (cắt ngắn),4
/kaggle/input/aio-hutech/train\Đùi gà Baby (cắt ngắn)\DG286.jpg,2,Đùi gà Baby (cắt ngắn),2
/kaggle/input/aio-hutech/train\Đùi gà Baby (cắt ngắn)\DG287.jpg,2,Đùi gà Baby (cắt ngắn),3
/kaggle/input/aio-hutech/train\Đùi gà Baby (cắt ngắn)\DG288.jpg,2,Đùi gà Baby (cắt ngắn),2
/kaggle/input/aio-hutech/train\Đùi gà Baby (cắt ngắn)\DG289.jpg,2,Đùi gà Baby (cắt ngắn),0
/kaggle/input/aio-hutech/train\Đùi gà Baby (cắt ngắn)\DG290.jpg,2,Đùi gà Baby (cắt ngắn),0
/kaggle/input/aio-hutech/train\Đùi gà Baby (cắt ngắn)\DG291.jpg,2,Đùi gà Baby (cắt ngắn),4
/kaggle/input/aio-hutech/train\Đùi gà Baby (cắt ngắn)\DG292.jpg,2,Đùi gà Baby (cắt ngắn),1
/kaggle/input/aio-hutech/train\Đùi gà Baby (cắt ngắn)\DG293.jpg,2,Đùi gà Baby (cắt ngắn),3
/kaggle/input/aio-hutech/train\Đùi gà Baby (cắt ngắn)\DG294.jpg,2,Đùi gà Baby (cắt ngắn),3
/kaggle/input/aio-hutech/train\Đùi gà Baby (cắt ngắn)\DG295.jpg,2,Đùi gà Baby (cắt ngắn),5
/kaggle/input/aio-hutech/train\Đùi gà Baby (cắt ngắn)\DG296.jpg,2,Đùi gà Baby (cắt ngắn),5
/kaggle/input/aio-hutech/train\Đùi gà Baby (cắt ngắn)\DG297.jpg,2,Đùi gà Baby (cắt ngắn),1
/kaggle/input/aio-hutech/train\Đùi gà Baby (cắt ngắn)\DG298.jpg,2,Đùi gà Baby (cắt ngắn),5
/kaggle/input/aio-hutech/train\Đùi gà Baby (cắt ngắn)\DG299.jpg,2,Đùi gà Baby (cắt ngắn),2
/kaggle/input/aio-hutech/train\Đùi gà Baby (cắt ngắn)\DG300.jpg,2,Đùi gà Baby (cắt ngắn),4
/kaggle/input/aio-hutech/train\linh chi trắng\LC001.jpg,3,linh chi trắng,5
/kaggle/input/aio-hutech/train\linh chi trắng\LC002.jpg,3,linh chi trắng,3
/kaggle/input/aio-hutech/train\linh chi trắng\LC003.jpg,3,linh chi trắng,2
/kaggle/input/aio-hutech/train\linh chi trắng\LC004.jpg,3,linh chi trắng,1
/kaggle/input/aio-hutech/train\linh chi trắng\LC005.jpg,3,linh chi trắng,2
/kaggle/input/aio-hutech/train\linh chi trắng\LC006.jpg,3,linh chi trắng,4
/kaggle/input/aio-hutech/train\linh chi trắng\LC007.jpg,3,linh chi trắng,4
/kaggle/input/aio-hutech/train\linh chi trắng\LC008.jpg,3,linh chi trắng,4
/kaggle/input/aio-hutech/train\linh chi trắng\LC009.jpg,3,linh chi trắng,4
/kaggle/input/aio-hutech/train\linh chi trắng\LC010.jpg,3,linh chi trắng,5
/kaggle/input/aio-hutech/train\linh chi trắng\LC011.jpg,3,linh chi trắng,0
/kaggle/input/aio-hutech/train\linh chi trắng\LC012.jpg,3,linh chi trắng,5
/kaggle/input/aio-hutech/train\linh chi trắng\LC013.jpg,3,linh chi trắng,0
/kaggle/input/aio-hutech/train\linh chi trắng\LC014.jpg,3,linh chi trắng,5
/kaggle/input/aio-hutech/train\linh chi trắng\LC015.jpg,3,linh chi trắng,2
/kaggle/input/aio-hutech/train\linh chi trắng\LC016.jpg,3,linh chi trắng,1
/kaggle/input/aio-hutech/train\linh chi trắng\LC017.jpg,3,linh chi trắng,5
/kaggle/input/aio-hutech/train\linh chi trắng\LC018.jpg,3,linh chi trắng,1
/kaggle/input/aio-hutech/train\linh chi trắng\LC019.jpg,3,linh chi trắng,3
/kaggle/input/aio-hutech/train\linh chi trắng\LC020.jpg,3,linh chi trắng,5
/kaggle/input/aio-hutech/train\linh chi trắng\LC021.jpg,3,linh chi trắng,2
/kaggle/input/aio-hutech/train\linh chi trắng\LC022.jpg,3,linh chi trắng,0
/kaggle/input/aio-hutech/train\linh chi trắng\LC023.jpg,3,linh chi trắng,0
/kaggle/input/aio-hutech/train\linh chi trắng\LC024.jpg,3,linh chi trắng,0
/kaggle/input/aio-hutech/train\linh chi trắng\LC025.jpg,3,linh chi trắng,4
/kaggle/input/aio-hutech/train\linh chi trắng\LC026.jpg,3,linh chi trắng,5
/kaggle/input/aio-hutech/train\linh chi trắng\LC027.jpg,3,linh chi trắng,1
/kaggle/input/aio-hutech/train\linh chi trắng\LC028.jpg,3,linh chi trắng,0
/kaggle/input/aio-hutech/train\linh chi trắng\LC029.jpg,3,linh chi trắng,5
/kaggle/input/aio-hutech/train\linh chi trắng\LC030.jpg,3,linh chi trắng,0
/kaggle/input/aio-hutech/train\linh chi trắng\LC031.jpg,3,linh chi trắng,2
/kaggle/input/aio-hutech/train\linh chi trắng\LC032.jpg,3,linh chi trắng,4
/kaggle/input/aio-hutech/train\linh chi trắng\LC033.jpg,3,linh chi trắng,2
/kaggle/input/aio-hutech/train\linh chi trắng\LC034.jpg,3,linh chi trắng,3
/kaggle/input/aio-hutech/train\linh chi trắng\LC035.jpg,3,linh chi trắng,1
/kaggle/input/aio-hutech/train\linh chi trắng\LC036.jpg,3,linh chi trắng,3
/kaggle/input/aio-hutech/train\linh chi trắng\LC037.jpg,3,linh chi trắng,2
/kaggle/input/aio-hutech/train\linh chi trắng\LC038.jpg,3,linh chi trắng,5
/kaggle/input/aio-hutech/train\linh chi trắng\LC039.jpg,3,linh chi trắng,1
/kaggle/input/aio-hutech/train\linh chi trắng\LC040.jpg,3,linh chi trắng,5
/kaggle/input/aio-hutech/train\linh chi trắng\LC041.jpg,3,linh chi trắng,1
/kaggle/input/aio-hutech/train\linh chi trắng\LC042.jpg,3,linh chi trắng,1
/kaggle/input/aio-hutech/train\linh chi trắng\LC043.jpg,3,linh chi trắng,1
/kaggle/input/aio-hutech/train\linh chi trắng\LC044.jpg,3,linh chi trắng,0
/kaggle/input/aio-hutech/train\linh chi trắng\LC045.jpg,3,linh chi trắng,1
/kaggle/input/aio-hutech/train\linh chi trắng\LC046.jpg,3,linh chi trắng,0
/kaggle/input/aio-hutech/train\linh chi trắng\LC047.jpg,3,linh chi trắng,1
/kaggle/input/aio-hutech/train\linh chi trắng\LC048.jpg,3,linh chi trắng,1
/kaggle/input/aio-hutech/train\linh chi trắng\LC049.jpg,3,linh chi trắng,3
/kaggle/input/aio-hutech/train\linh chi trắng\LC050.jpg,3,linh chi trắng,2
/kaggle/input/aio-hutech/train\linh chi trắng\LC051.jpg,3,linh chi trắng,2
/kaggle/input/aio-hutech/train\linh chi trắng\LC052.jpg,3,linh chi trắng,5
/kaggle/input/aio-hutech/train\linh chi trắng\LC053.jpg,3,linh chi trắng,3
/kaggle/input/aio-hutech/train\linh chi trắng\LC054.jpg,3,linh chi trắng,0
/kaggle/input/aio-hutech/train\linh chi trắng\LC055.jpg,3,linh chi trắng,4
/kaggle/input/aio-hutech/train\linh chi trắng\LC056.jpg,3,linh chi trắng,1
/kaggle/input/aio-hutech/train\linh chi trắng\LC057.jpg,3,linh chi trắng,0
/kaggle/input/aio-hutech/train\linh chi trắng\LC058.jpg,3,linh chi trắng,2
/kaggle/input/aio-hutech/train\linh chi trắng\LC059.jpg,3,linh chi trắng,4
/kaggle/input/aio-hutech/train\linh chi trắng\LC060.jpg,3,linh chi trắng,4
/kaggle/input/aio-hutech/train\linh chi trắng\LC061.jpg,3,linh chi trắng,0
/kaggle/input/aio-hutech/train\linh chi trắng\LC062.jpg,3,linh chi trắng,4
/kaggle/input/aio-hutech/train\linh chi trắng\LC063.jpg,3,linh chi trắng,0
/kaggle/input/aio-hutech/train\linh chi trắng\LC064.jpg,3,linh chi trắng,0
/kaggle/input/aio-hutech/train\linh chi trắng\LC065.jpg,3,linh chi trắng,0
/kaggle/input/aio-hutech/train\linh chi trắng\LC066.jpg,3,linh chi trắng,2
/kaggle/input/aio-hutech/train\linh chi trắng\LC067.jpg,3,linh chi trắng,0
/kaggle/input/aio-hutech/train\linh chi trắng\LC068.jpg,3,linh chi trắng,4
/kaggle/input/aio-hutech/train\linh chi trắng\LC069.jpg,3,linh chi trắng,4
/kaggle/input/aio-hutech/train\linh chi trắng\LC070.jpg,3,linh chi trắng,5
/kaggle/input/aio-hutech/train\linh chi trắng\LC071.jpg,3,linh chi trắng,3
/kaggle/input/aio-hutech/train\linh chi trắng\LC072.jpg,3,linh chi trắng,4
/kaggle/input/aio-hutech/train\linh chi trắng\LC073.jpg,3,linh chi trắng,1
/kaggle/input/aio-hutech/train\linh chi trắng\LC074.jpg,3,linh chi trắng,2
/kaggle/input/aio-hutech/train\linh chi trắng\LC075.jpg,3,linh chi trắng,2
/kaggle/input/aio-hutech/train\linh chi trắng\LC076.jpg,3,linh chi trắng,3
/kaggle/input/aio-hutech/train\linh chi trắng\LC077.jpg,3,linh chi trắng,4
/kaggle/input/aio-hutech/train\linh chi trắng\LC078.jpg,3,linh chi trắng,3
/kaggle/input/aio-hutech/train\linh chi trắng\LC079.jpg,3,linh chi trắng,4
/kaggle/input/aio-hutech/train\linh chi trắng\LC080.jpg,3,linh chi trắng,3
/kaggle/input/aio-hutech/train\linh chi trắng\LC081.jpg,3,linh chi trắng,1
/kaggle/input/aio-hutech/train\linh chi trắng\LC082.jpg,3,linh chi trắng,1
/kaggle/input/aio-hutech/train\linh chi trắng\LC083.jpg,3,linh chi trắng,1
/kaggle/input/aio-hutech/train\linh chi trắng\LC084.jpg,3,linh chi trắng,3
/kaggle/input/aio-hutech/train\linh chi trắng\LC085.jpg,3,linh chi trắng,1
/kaggle/input/aio-hutech/train\linh chi trắng\LC086.jpg,3,linh chi trắng,1
/kaggle/input/aio-hutech/train\linh chi trắng\LC087.jpg,3,linh chi trắng,1
/kaggle/input/aio-hutech/train\linh chi trắng\LC088.jpg,3,linh chi trắng,4
/kaggle/input/aio-hutech/train\linh chi trắng\LC089.jpg,3,linh chi trắng,0
/kaggle/input/aio-hutech/train\linh chi trắng\LC090.jpg,3,linh chi trắng,5
/kaggle/input/aio-hutech/train\linh chi trắng\LC091.jpg,3,linh chi trắng,4
/kaggle/input/aio-hutech/train\linh chi trắng\LC092.jpg,3,linh chi trắng,2
/kaggle/input/aio-hutech/train\linh chi trắng\LC093.jpg,3,linh chi trắng,3
/kaggle/input/aio-hutech/train\linh chi trắng\LC094.jpg,3,linh chi trắng,3
/kaggle/input/aio-hutech/train\linh chi trắng\LC095.jpg,3,linh chi trắng,0
/kaggle/input/aio-hutech/train\linh chi trắng\LC096.jpg,3,linh chi trắng,3
/kaggle/input/aio-hutech/train\linh chi trắng\LC097.jpg,3,linh chi trắng,3
/kaggle/input/aio-hutech/train\linh chi trắng\LC098.jpg,3,linh chi trắng,0
/kaggle/input/aio-hutech/train\linh chi trắng\LC099.jpg,3,linh chi trắng,1
/kaggle/input/aio-hutech/train\linh chi trắng\LC100.jpg,3,linh chi trắng,4
/kaggle/input/aio-hutech/train\linh chi trắng\LC101.jpg,3,linh chi trắng,5
/kaggle/input/aio-hutech/train\linh chi trắng\LC102.jpg,3,linh chi trắng,1
/kaggle/input/aio-hutech/train\linh chi trắng\LC103.jpg,3,linh chi trắng,2
/kaggle/input/aio-hutech/train\linh chi trắng\LC104.jpg,3,linh chi trắng,0
/kaggle/input/aio-hutech/train\linh chi trắng\LC105.jpg,3,linh chi trắng,2
/kaggle/input/aio-hutech/train\linh chi trắng\LC106.jpg,3,linh chi trắng,5
/kaggle/input/aio-hutech/train\linh chi trắng\LC107.jpg,3,linh chi trắng,1
/kaggle/input/aio-hutech/train\linh chi trắng\LC108.jpg,3,linh chi trắng,2
/kaggle/input/aio-hutech/train\linh chi trắng\LC109.jpg,3,linh chi trắng,2
/kaggle/input/aio-hutech/train\linh chi trắng\LC110.jpg,3,linh chi trắng,3
/kaggle/input/aio-hutech/train\linh chi trắng\LC111.jpg,3,linh chi trắng,4
/kaggle/input/aio-hutech/train\linh chi trắng\LC112.jpg,3,linh chi trắng,5
/kaggle/input/aio-hutech/train\linh chi trắng\LC113.jpg,3,linh chi trắng,3
/kaggle/input/aio-hutech/train\linh chi trắng\LC114.jpg,3,linh chi trắng,4
/kaggle/input/aio-hutech/train\linh chi trắng\LC115.jpg,3,linh chi trắng,3
/kaggle/input/aio-hutech/train\linh chi trắng\LC116.jpg,3,linh chi trắng,1
/kaggle/input/aio-hutech/train\linh chi trắng\LC117.jpg,3,linh chi trắng,3
/kaggle/input/aio-hutech/train\linh chi trắng\LC118.jpg,3,linh chi trắng,5
/kaggle/input/aio-hutech/train\linh chi trắng\LC119.jpg,3,linh chi trắng,5
/kaggle/input/aio-hutech/train\linh chi trắng\LC120.jpg,3,linh chi trắng,2
/kaggle/input/aio-hutech/train\linh chi trắng\LC121.jpg,3,linh chi trắng,0
/kaggle/input/aio-hutech/train\linh chi trắng\LC122.jpg,3,linh chi trắng,2
/kaggle/input/aio-hutech/train\linh chi trắng\LC123.jpg,3,linh chi trắng,0
/kaggle/input/aio-hutech/train\linh chi trắng\LC124.jpg,3,linh chi trắng,5
/kaggle/input/aio-hutech/train\linh chi trắng\LC125.jpg,3,linh chi trắng,3
/kaggle/input/aio-hutech/train\linh chi trắng\LC126.jpg,3,linh chi trắng,3
/kaggle/input/aio-hutech/train\linh chi trắng\LC127.jpg,3,linh chi trắng,3
/kaggle/input/aio-hutech/train\linh chi trắng\LC128.jpg,3,linh chi trắng,5
/kaggle/input/aio-hutech/train\linh chi trắng\LC129.jpg,3,linh chi trắng,4
/kaggle/input/aio-hutech/train\linh chi trắng\LC130.jpg,3,linh chi trắng,3
/kaggle/input/aio-hutech/train\linh chi trắng\LC131.jpg,3,linh chi trắng,4
/kaggle/input/aio-hutech/train\linh chi trắng\LC132.jpg,3,linh chi trắng,4
/kaggle/input/aio-hutech/train\linh chi trắng\LC133.jpg,3,linh chi trắng,5
/kaggle/input/aio-hutech/train\linh chi trắng\LC134.jpg,3,linh chi trắng,0
/kaggle/input/aio-hutech/train\linh chi trắng\LC135.jpg,3,linh chi trắng,0
/kaggle/input/aio-hutech/train\linh chi trắng\LC136.jpg,3,linh chi trắng,5
/kaggle/input/aio-hutech/train\linh chi trắng\LC137.jpg,3,linh chi trắng,5
/kaggle/input/aio-hutech/train\linh chi trắng\LC138.jpg,3,linh chi trắng,2
/kaggle/input/aio-hutech/train\linh chi trắng\LC139.jpg,3,linh chi trắng,4
/kaggle/input/aio-hutech/train\linh chi trắng\LC140.jpg,3,linh chi trắng,4
/kaggle/input/aio-hutech/train\linh chi trắng\LC141.jpg,3,linh chi trắng,4
/kaggle/input/aio-hutech/train\linh chi trắng\LC142.jpg,3,linh chi trắng,1
/kaggle/input/aio-hutech/train\linh chi trắng\LC143.jpg,3,linh chi trắng,2
/kaggle/input/aio-hutech/train\linh chi trắng\LC144.jpg,3,linh chi trắng,3
/kaggle/input/aio-hutech/train\linh chi trắng\LC145.jpg,3,linh chi trắng,2
/kaggle/input/aio-hutech/train\linh chi trắng\LC146.jpg,3,linh chi trắng,4
/kaggle/input/aio-hutech/train\linh chi trắng\LC147.jpg,3,linh chi trắng,2
/kaggle/input/aio-hutech/train\linh chi trắng\LC148.jpg,3,linh chi trắng,5
/kaggle/input/aio-hutech/train\linh chi trắng\LC149.jpg,3,linh chi trắng,2
/kaggle/input/aio-hutech/train\linh chi trắng\LC150.jpg,3,linh chi trắng,5
/kaggle/input/aio-hutech/train\linh chi trắng\LC151.jpg,3,linh chi trắng,5
/kaggle/input/aio-hutech/train\linh chi trắng\LC152.jpg,3,linh chi trắng,5
/kaggle/input/aio-hutech/train\linh chi trắng\LC153.jpg,3,linh chi trắng,1
/kaggle/input/aio-hutech/train\linh chi trắng\LC154.jpg,3,linh chi trắng,3
/kaggle/input/aio-hutech/train\linh chi trắng\LC155.jpg,3,linh chi trắng,4
/kaggle/input/aio-hutech/train\linh chi trắng\LC156.jpg,3,linh chi trắng,5
/kaggle/input/aio-hutech/train\linh chi trắng\LC157.jpg,3,linh chi trắng,1
/kaggle/input/aio-hutech/train\linh chi trắng\LC158.jpg,3,linh chi trắng,1
/kaggle/input/aio-hutech/train\linh chi trắng\LC159.jpg,3,linh chi trắng,4
/kaggle/input/aio-hutech/train\linh chi trắng\LC160.jpg,3,linh chi trắng,3
/kaggle/input/aio-hutech/train\linh chi trắng\LC161.jpg,3,linh chi trắng,3
/kaggle/input/aio-hutech/train\linh chi trắng\LC162.jpg,3,linh chi trắng,4
/kaggle/input/aio-hutech/train\linh chi trắng\LC163.jpg,3,linh chi trắng,3
/kaggle/input/aio-hutech/train\linh chi trắng\LC164.jpg,3,linh chi trắng,3
/kaggle/input/aio-hutech/train\linh chi trắng\LC165.jpg,3,linh chi trắng,0
/kaggle/input/aio-hutech/train\linh chi trắng\LC166.jpg,3,linh chi trắng,3
/kaggle/input/aio-hutech/train\linh chi trắng\LC167.jpg,3,linh chi trắng,2
/kaggle/input/aio-hutech/train\linh chi trắng\LC168.jpg,3,linh chi trắng,0
/kaggle/input/aio-hutech/train\linh chi trắng\LC169.jpg,3,linh chi trắng,5
/kaggle/input/aio-hutech/train\linh chi trắng\LC170.jpg,3,linh chi trắng,2
/kaggle/input/aio-hutech/train\linh chi trắng\LC171.jpg,3,linh chi trắng,1
/kaggle/input/aio-hutech/train\linh chi trắng\LC172.jpg,3,linh chi trắng,5
/kaggle/input/aio-hutech/train\linh chi trắng\LC173.jpg,3,linh chi trắng,3
/kaggle/input/aio-hutech/train\linh chi trắng\LC174.jpg,3,linh chi trắng,3
/kaggle/input/aio-hutech/train\linh chi trắng\LC175.jpg,3,linh chi trắng,4
/kaggle/input/aio-hutech/train\linh chi trắng\LC176.jpg,3,linh chi trắng,1
/kaggle/input/aio-hutech/train\linh chi trắng\LC177.jpg,3,linh chi trắng,2
/kaggle/input/aio-hutech/train\linh chi trắng\LC178.jpg,3,linh chi trắng,3
/kaggle/input/aio-hutech/train\linh chi trắng\LC179.jpg,3,linh chi trắng,4
/kaggle/input/aio-hutech/train\linh chi trắng\LC180.jpg,3,linh chi trắng,4
/kaggle/input/aio-hutech/train\linh chi trắng\LC181.jpg,3,linh chi trắng,0
/kaggle/input/aio-hutech/train\linh chi trắng\LC182.jpg,3,linh chi trắng,1
/kaggle/input/aio-hutech/train\linh chi trắng\LC183.jpg,3,linh chi trắng,3
/kaggle/input/aio-hutech/train\linh chi trắng\LC184.jpg,3,linh chi trắng,2
/kaggle/input/aio-hutech/train\linh chi trắng\LC185.jpg,3,linh chi trắng,3
/kaggle/input/aio-hutech/train\linh chi trắng\LC186.jpg,3,linh chi trắng,0
/kaggle/input/aio-hutech/train\linh chi trắng\LC187.jpg,3,linh chi trắng,4
/kaggle/input/aio-hutech/train\linh chi trắng\LC188.jpg,3,linh chi trắng,2
/kaggle/input/aio-hutech/train\linh chi trắng\LC189.jpg,3,linh chi trắng,0
/kaggle/input/aio-hutech/train\linh chi trắng\LC190.jpg,3,linh chi trắng,4
/kaggle/input/aio-hutech/train\linh chi trắng\LC191.jpg,3,linh chi trắng,4
/kaggle/input/aio-hutech/train\linh chi trắng\LC192.jpg,3,linh chi trắng,2
/kaggle/input/aio-hutech/train\linh chi trắng\LC193.jpg,3,linh chi trắng,3
/kaggle/input/aio-hutech/train\linh chi trắng\LC194.jpg,3,linh chi trắng,0
/kaggle/input/aio-hutech/train\linh chi trắng\LC195.jpg,3,linh chi trắng,1
/kaggle/input/aio-hutech/train\linh chi trắng\LC196.jpg,3,linh chi trắng,2
/kaggle/input/aio-hutech/train\linh chi trắng\LC197.jpg,3,linh chi trắng,4
/kaggle/input/aio-hutech/train\linh chi trắng\LC198.jpg,3,linh chi trắng,3
/kaggle/input/aio-hutech/train\linh chi trắng\LC199.jpg,3,linh chi trắng,5
/kaggle/input/aio-hutech/train\linh chi trắng\LC200.jpg,3,linh chi trắng,2
/kaggle/input/aio-hutech/train\linh chi trắng\LC201.jpg,3,linh chi trắng,1
/kaggle/input/aio-hutech/train\linh chi trắng\LC202.jpg,3,linh chi trắng,5
/kaggle/input/aio-hutech/train\linh chi trắng\LC203.jpg,3,linh chi trắng,3
/kaggle/input/aio-hutech/train\linh chi trắng\LC204.jpg,3,linh chi trắng,4
/kaggle/input/aio-hutech/train\linh chi trắng\LC205.jpg,3,linh chi trắng,0
/kaggle/input/aio-hutech/train\linh chi trắng\LC206.jpg,3,linh chi trắng,4
/kaggle/input/aio-hutech/train\linh chi trắng\LC207.jpg,3,linh chi trắng,0
/kaggle/input/aio-hutech/train\linh chi trắng\LC208.jpg,3,linh chi trắng,2
/kaggle/input/aio-hutech/train\linh chi trắng\LC209.jpg,3,linh chi trắng,0
/kaggle/input/aio-hutech/train\linh chi trắng\LC210.jpg,3,linh chi trắng,1
/kaggle/input/aio-hutech/train\linh chi trắng\LC211.jpg,3,linh chi trắng,1
/kaggle/input/aio-hutech/train\linh chi trắng\LC212.jpg,3,linh chi trắng,4
/kaggle/input/aio-hutech/train\linh chi trắng\LC213.jpg,3,linh chi trắng,1
/kaggle/input/aio-hutech/train\linh chi trắng\LC214.jpg,3,linh chi trắng,5
/kaggle/input/aio-hutech/train\linh chi trắng\LC215.jpg,3,linh chi trắng,1
/kaggle/input/aio-hutech/train\linh chi trắng\LC216.jpg,3,linh chi trắng,5
/kaggle/input/aio-hutech/train\linh chi trắng\LC217.jpg,3,linh chi trắng,5
/kaggle/input/aio-hutech/train\linh chi trắng\LC218.jpg,3,linh chi trắng,0
/kaggle/input/aio-hutech/train\linh chi trắng\LC219.jpg,3,linh chi trắng,1
/kaggle/input/aio-hutech/train\linh chi trắng\LC220.jpg,3,linh chi trắng,3
/kaggle/input/aio-hutech/train\linh chi trắng\LC221.jpg,3,linh chi trắng,5
/kaggle/input/aio-hutech/train\linh chi trắng\LC222.jpg,3,linh chi trắng,4
/kaggle/input/aio-hutech/train\linh chi trắng\LC223.jpg,3,linh chi trắng,2
/kaggle/input/aio-hutech/train\linh chi trắng\LC224.jpg,3,linh chi trắng,2
/kaggle/input/aio-hutech/train\linh chi trắng\LC225.jpg,3,linh chi trắng,1
/kaggle/input/aio-hutech/train\linh chi trắng\LC226.jpg,3,linh chi trắng,5
/kaggle/input/aio-hutech/train\linh chi trắng\LC227.jpg,3,linh chi trắng,3
/kaggle/input/aio-hutech/train\linh chi trắng\LC228.jpg,3,linh chi trắng,5
/kaggle/input/aio-hutech/train\linh chi trắng\LC229.jpg,3,linh chi trắng,1
/kaggle/input/aio-hutech/train\linh chi trắng\LC230.jpg,3,linh chi trắng,0
/kaggle/input/aio-hutech/train\linh chi trắng\LC231.jpg,3,linh chi trắng,5
/kaggle/input/aio-hutech/train\linh chi trắng\LC232.jpg,3,linh chi trắng,5
/kaggle/input/aio-hutech/train\linh chi trắng\LC233.jpg,3,linh chi trắng,3
/kaggle/input/aio-hutech/train\linh chi trắng\LC234.jpg,3,linh chi trắng,5
/kaggle/input/aio-hutech/train\linh chi trắng\LC235.jpg,3,linh chi trắng,5
/kaggle/input/aio-hutech/train\linh chi trắng\LC236.jpg,3,linh chi trắng,2
/kaggle/input/aio-hutech/train\linh chi trắng\LC237.jpg,3,linh chi trắng,5
/kaggle/input/aio-hutech/train\linh chi trắng\LC238.jpg,3,linh chi trắng,0
/kaggle/input/aio-hutech/train\linh chi trắng\LC239.jpg,3,linh chi trắng,0
/kaggle/input/aio-hutech/train\linh chi trắng\LC240.jpg,3,linh chi trắng,1
/kaggle/input/aio-hutech/train\linh chi trắng\LC241.jpg,3,linh chi trắng,2
/kaggle/input/aio-hutech/train\linh chi trắng\LC242.jpg,3,linh chi trắng,1
/kaggle/input/aio-hutech/train\linh chi trắng\LC243.jpg,3,linh chi trắng,1
/kaggle/input/aio-hutech/train\linh chi trắng\LC244.jpg,3,linh chi trắng,1
/kaggle/input/aio-hutech/train\linh chi trắng\LC245.jpg,3,linh chi trắng,5
/kaggle/input/aio-hutech/train\linh chi trắng\LC246.jpg,3,linh chi trắng,3
/kaggle/input/aio-hutech/train\linh chi trắng\LC247.jpg,3,linh chi trắng,0
/kaggle/input/aio-hutech/train\linh chi trắng\LC248.jpg,3,linh chi trắng,2
/kaggle/input/aio-hutech/train\linh chi trắng\LC249.jpg,3,linh chi trắng,3
/kaggle/input/aio-hutech/train\linh chi trắng\LC250.jpg,3,linh chi trắng,2
/kaggle/input/aio-hutech/train\linh chi trắng\LC251.jpg,3,linh chi trắng,3
/kaggle/input/aio-hutech/train\linh chi trắng\LC252.jpg,3,linh chi trắng,0
/kaggle/input/aio-hutech/train\linh chi trắng\LC253.jpg,3,linh chi trắng,0
/kaggle/input/aio-hutech/train\linh chi trắng\LC254.jpg,3,linh chi trắng,4
/kaggle/input/aio-hutech/train\linh chi trắng\LC255.jpg,3,linh chi trắng,3
/kaggle/input/aio-hutech/train\linh chi trắng\LC256.jpg,3,linh chi trắng,5
/kaggle/input/aio-hutech/train\linh chi trắng\LC257.jpg,3,linh chi trắng,3
/kaggle/input/aio-hutech/train\linh chi trắng\LC258.jpg,3,linh chi trắng,2
/kaggle/input/aio-hutech/train\linh chi trắng\LC259.jpg,3,linh chi trắng,0
/kaggle/input/aio-hutech/train\linh chi trắng\LC260.jpg,3,linh chi trắng,2
/kaggle/input/aio-hutech/train\linh chi trắng\LC261.jpg,3,linh chi trắng,1
/kaggle/input/aio-hutech/train\linh chi trắng\LC262.jpg,3,linh chi trắng,0
/kaggle/input/aio-hutech/train\linh chi trắng\LC263.jpg,3,linh chi trắng,0
/kaggle/input/aio-hutech/train\linh chi trắng\LC264.jpg,3,linh chi trắng,2
/kaggle/input/aio-hutech/train\linh chi trắng\LC265.jpg,3,linh chi trắng,2
/kaggle/input/aio-hutech/train\linh chi trắng\LC266.jpg,3,linh chi trắng,0
/kaggle/input/aio-hutech/train\linh chi trắng\LC267.jpg,3,linh chi trắng,4
/kaggle/input/aio-hutech/train\linh chi trắng\LC268.jpg,3,linh chi trắng,4
/kaggle/input/aio-hutech/train\linh chi trắng\LC269.jpg,3,linh chi trắng,5
/kaggle/input/aio-hutech/train\linh chi trắng\LC270.jpg,3,linh chi trắng,2
/kaggle/input/aio-hutech/train\linh chi trắng\LC271.jpg,3,linh chi trắng,3
/kaggle/input/aio-hutech/train\linh chi trắng\LC272.jpg,3,linh chi trắng,0
/kaggle/input/aio-hutech/train\linh chi trắng\LC273.jpg,3,linh chi trắng,4
/kaggle/input/aio-hutech/train\linh chi trắng\LC274.jpg,3,linh chi trắng,3
/kaggle/input/aio-hutech/train\linh chi trắng\LC275.jpg,3,linh chi trắng,1
/kaggle/input/aio-hutech/train\linh chi trắng\LC276.jpg,3,linh chi trắng,1
/kaggle/input/aio-hutech/train\linh chi trắng\LC277.jpg,3,linh chi trắng,2
/kaggle/input/aio-hutech/train\linh chi trắng\LC278.jpg,3,linh chi trắng,2
/kaggle/input/aio-hutech/train\linh chi trắng\LC279.jpg,3,linh chi trắng,5
/kaggle/input/aio-hutech/train\linh chi trắng\LC280.jpg,3,linh chi trắng,1
/kaggle/input/aio-hutech/train\linh chi trắng\LC281.jpg,3,linh chi trắng,4
/kaggle/input/aio-hutech/train\linh chi trắng\LC282.jpg,3,linh chi trắng,0
/kaggle/input/aio-hutech/train\linh chi trắng\LC283.jpg,3,linh chi trắng,4
/kaggle/input/aio-hutech/train\linh chi trắng\LC284.jpg,3,linh chi trắng,0
/kaggle/input/aio-hutech/train\linh chi trắng\LC285.jpg,3,linh chi trắng,5
/kaggle/input/aio-hutech/train\linh chi trắng\LC286.jpg,3,linh chi trắng,0
/kaggle/input/aio-hutech/train\linh chi trắng\LC287.jpg,3,linh chi trắng,0
/kaggle/input/aio-hutech/train\linh chi trắng\LC288.jpg,3,linh chi trắng,4
/kaggle/input/aio-hutech/train\linh chi trắng\LC289.jpg,3,linh chi trắng,4
/kaggle/input/aio-hutech/train\linh chi trắng\LC290.jpg,3,linh chi trắng,2
/kaggle/input/aio-hutech/train\linh chi trắng\LC291.jpg,3,linh chi trắng,3
/kaggle/input/aio-hutech/train\linh chi trắng\LC292.jpg,3,linh chi trắng,1
/kaggle/input/aio-hutech/train\linh chi trắng\LC293.jpg,3,linh chi trắng,0
/kaggle/input/aio-hutech/train\linh chi trắng\LC294.jpg,3,linh chi trắng,2
/kaggle/input/aio-hutech/train\linh chi trắng\LC295.jpg,3,linh chi trắng,1
/kaggle/input/aio-hutech/train\linh chi trắng\LC296.jpg,3,linh chi trắng,3
/kaggle/input/aio-hutech/train\linh chi trắng\LC297.jpg,3,linh chi trắng,5
/kaggle/input/aio-hutech/train\linh chi trắng\LC298.jpg,3,linh chi trắng,2
/kaggle/input/aio-hutech/train\linh chi trắng\LC299.jpg,3,linh chi trắng,5
/kaggle/input/aio-hutech/train\linh chi trắng\LC300.jpg,3,linh chi trắng,4
